Comments,Sentiments,Like,Haha,Angry,Love,Care,Sad,Wow
"ржЯрзНрж░рзЗрж▓рж╛рж░ ржжрзЗржЦрж▓рж╛ржоред ржП ржПржХ ржирждрзБржи ржЬрж╛рзЯрзЗржж ржЦрж╛ржиред 
рж╢рзБржн ржХрж╛ржоржирж╛ Zayed Khan ЁЯМ╣",Positive,3,3,0,2,0,0,0
ржЙржЧрж╛ржирзНржбрж╛ ржерзЗржХрзЗ ржЕрж╕рзНржХрж╛рж░ ржкрзНрж░рж╛ржкрзНржд ржЫржмрж┐ ЁЯлг рж╕рждрзНржпрж┐ ржХржерж╛ ржЖржорж┐ ржкрж╛ржо ржжрзЗржУрзЯрж╛ рждрзЗрж▓ ржорж╛рж░рж╛ ржкржЫржирзНржж ржХрж░рж┐ржирж╛ЁЯдгЁЯдгЁЯдг,Negative,4,5,0,0,0,0,0
"ржжрж░рзНрж╢ржХ ржерж╛ржХржмрзЛ рзй ржЬржиред
 ржПржХржЯрж╛ ржЬрж╛рзЯрзЗржж ржЦрж╛ржи, ржЖрж░рзЗржХ ржЯрж╛ ржЬрж╛рзЯрзЗржж ржЦрж╛ржи, ржЖрж░рзЗржХржЯрж╛ржУ ржЬрж╛рзЯрзЗржж ржЦрж╛ржи",Negative,3,27,0,0,0,0,0
"ржХрж╛ржЙрзЯрж╛рзЯ ржУ ржкрж╛ржЦрж┐ ЁЯРж
ржЬрж╛рзЯрзЗржж ржЦрж╛ржирзЗржУ ржирж╛рзЯржХ ЁЯдй
ржмрж╛ржмрж╛ рждрзЛржорж╛рж░ ржжрж░ржмрж╛рж░рзЗ рж╕ржм ржкрж╛ржЧрж▓рзЗрж░ ржЦрзЗрж▓рж╛ ЁЯдй",Negative,0,0,0,0,0,0,0
"ржкрзНрж░ржЪржирзНржб рж╢рзАрждрзЗрж░ ржоржзрзНржпрзЗ ржХрж╛ржжрж╛ржорж╛ржЯрж┐рждрзЗ рж▓рзБржЯрж┐ржпрж╝рзЗ ржПржЗ ржЫржмрж┐ржЯрж┐ ржХрж░рзЗржЫрзЗ ржЬрж╛ржпрж╝рзЗржж ржЦрж╛ржи ржЗрждрж┐рж╣рж╛рж╕ рж╣ржпрж╝рзЗ ржерж╛ржХржмрзЗ

ржЖрж╢рж╛ рж░рж╛ржЦрж┐ ржмржХрзНрж╕ ржЕржлрж┐рж╕рзЗ ржкрзНрж░ржержо ржжрж┐ржирзЗржЗ ржЭржбрж╝ рждрзБрж▓ржмрзЗ",Negative,0,12,0,0,0,0,0
ржЧрзЛржкржирзЗ рж╣рж▓ ржорж╛рж▓рж┐ржХржжрзЗрж░ ржХрж┐ржЫрзБ ржЯрж╛ржХрж╛ ржжрж┐ржпрж╝рзЗржи рждрж╛ ржирж╛ рж╣рж▓рзЗ ржПржЗ ржИржжрзЗ ржПржХржЯрж┐ ржирждрзБржи рж░рзЗржХрж░рзНржб рж╣ржмрзЗ ржХрзЛржи рж╣рж▓ ржорж╛рж▓рж┐ржХтАМржЗ рж╕рзЛржирж╛рж░ ржЪрж░ ржирж┐рж▓ ржирж╛ ржЖржмрж╛рж░ ржпрж╛рж░рж╛ ржирж┐рж▓ ржмрж┐ржжрзНржпрзБрзО ржмрж┐рж▓ ржЗ ржЙржарж▓рзЛ ржирж╛,Negative,2,15,0,0,0,0,0
"ржпрзЗ рж╕ржоржпрж╝ржЯрж╛ ржЯрзНрж░рзЗржЗрж▓рж╛рж░ ржжрзЗржЦрзЗ ржЦрж░ржЪ ржХрж░ржЫрж┐
ржЖржорж┐ рж╕рзЗржЗ рж╕ржоржпрж╝ржЯрж╛ ржлрзЗрж░ржд ржЪрж╛ржЗ ЁЯШР",Negative,0,2,0,0,0,0,0
ржЬрж╛рж╣рж┐ржж ржЦрж╛ржирзЗрж░ ржорзБржнрж┐рж░ ржЫржмрж┐рж░ ржЪрзЗрзЯрзЗ рж╕рж╛ржВржмрж╛ржжрж┐ржХржжрзЗрж░ рж╕рж╛ржерзЗ ржХржерж╛ ржмрж▓рзЗ рждржЦржирж┐ ржжрзЗржЦрждрзЗ ржоржирзЗ рж╣рзЯ ржнрж╛рж▓рзЛ рж▓рж╛ржЧрзЗред рж╕рж╛ржВржмрж╛ржжрж┐ржХржжрзЗрж░ ржкрзНрж░рж╢рзНржирзЗрж░ ржЙржУрж░рзЗ ржПржХржЯрзБ рж╣рж╛рж╕рждрзЗ ржкрж╛рж░рж┐ЁЯдгЁЯдгЁЯдг,Negative,0,3,0,0,0,0,0
рж╕рзЛржирж╛ржпрж╝ ржЪрж░ ...?,Neutral,1,3,0,0,0,0,0
"ржЖржкржирж╛рж░ ржЕржирзЗржХ ржлрж┐рж▓рзНржо ржжрзЗржЦрзЗржЫрж┐ред ржПржЗ ржкрж░рзНржпржирзНржд ржХрзЛржи ржлрж┐рж▓рзНржо ржнрж╛рж▓рзЛ ржмрж▓рзЗ ржоржирзЗ рж╣рзЯржирж┐ред
ржЖржкржирж╛рж░ ржПржЗ ржкрзЛрж╕рзНржЯрж╛рж░рзЗржУ ржЖржорж╛рж░ ржЪрзЛржЦрзЗ ржнрзБрж▓ ржжрзЗржЦрж╛ ржжрж┐рзЯрзЗржЫрзЗред ржЖрж░ ржкрзБрж░рж╛ ржлрж┐рж▓рзНржорзЗрж░ ржХрж┐ рж╣ржмрзЗ ржЬрж╛ржирж┐ржирж╛ред
ржпрж╛ржЗ рж╣ржЙржХ,,,,,,,, ржЖржкржирж╛рж░ ржЬржирзНржп рж╢рзБржнржХрж╛ржоржирж╛ рж░ржЗрж▓редред",Positive,0,2,0,0,0,0,0
ржЕрж╕рзНржХрж╛рж░ ржкрж╛ржЗржмрзЗржи ржнрж╛ржЗред,Positive,0,0,0,0,0,0,0
Zayed Khan ржнрж╛ржЗржпрж╝рж╛ ржЖржорж░рж╛ ржЗрждрж╛рж▓рж┐ ржерзЗржХрзЗ ржХрж┐ ржнрж╛ржмрзЗ ржжрзЗржЦржмрзЛ ржкрзНрж▓рж┐ржЬ рж░рж┐ржкрзНрж▓рж╛ржЗ ржжрж┐ржмрзЗржи......ЁЯЩП,Positive,0,5,0,0,0,0,0
ржорж╛ржирзБрж╖ ржпржЦржи ржбрж┐ржкрзНрж░рзЗрж╢ржирзЗрж░ рж▓рж╛рж╕рзНржЯ рж╕рзНржЯрзЗржЬрзЗ ржерж╛ржХржмрзЗ ржИржжрзЗрж░ рж╕ржорзЯ рждрж╛рж░рж╛ржЗ ржПржЗ ржорзБржнрж┐ ржжрзЗржЦрждрзЗ рж╣рж▓рзЗ ржпрж╛ржмрзЗ ЁЯШБ,Negative,1,0,0,0,0,0,0
"ржнрж╛ржЗ ржЖржорж┐ ржЙрждрзНрждрж░ ржХрзЛрж░рж┐ржпрж╝рж╛ ржерж╛ржХрж┐
ржПржЦрж╛ржирзЗ ржХрж┐ ржЖржкржирж╛рж░ ржЫржмрж┐ ржорзБржХрзНрждрж┐ ржкрж╛ржмрзЗ?

рж╣рж▓рзЗ ржЬрж╛ржирж╛ржмрзЗржи ржЖржорж┐ ржжрзЗржЦрждрзЗ ржпрж╛ржм",Positive,0,2,0,0,0,0,0
рж╢рзБржнрзЗржЪрзНржЫрж╛ ржУ ржЕржнрж┐ржиржирзНржжржи рж░ржЗрж▓ рж╣рж┐рж░рзЛ ржнрж╛ржЗ ЁЯТУЁЯзб,Positive,1,0,0,0,0,0,0
рж╢рзБржн ржХрж╛ржоржирж╛ рж░ржЗрж▓,Positive,0,0,0,0,0,0,0
ржжрж░рзНрж╢ржХ ржХрзЗ рж╣рж╛ржд ржкрж╛ ржзрж░рзЗ рж╣рж▓рзЗ ржирж┐рзЯрзЗ ржпрж╛ржЗрждрзЗ рж╣ржмрзЗредредредред,Negative,0,0,0,0,0,0,0
"ржЖржорж░рж╛ ржирж╛ рж╣рзЯ ржмрзБржЭрж▓рж╛ржо рж╕рзЛржирж╛рж░ ржЪрж░ред
ржЕржирзНржп ржЬрзЗрж▓рж╛рж░ ржорж╛ржирзБрж╖ рж╕рзЛржирж╛ ржмрж▓рждрзЗ ржЕржирзНржп ржХрж┐ржЫрзБ ржмрзБржЭрзЗред",Negative,0,0,0,0,0,0,0
"рззрзжржЯрж╛ рж╕рж┐ржирзЗржорж╛ рж╣рж▓ ржкрж╛ржмрзЗржирж╛ ржПржЗ ржорзБржнрж┐, ржпржжрж┐ рззрзжржЯрж╛ рж╣рж▓ ржкрж╛рзЯ рждрж╛рж╣рж▓рзЗ ржЖржорж┐ рж╕рж╛рж░рж╛ржЬрзАржмржирзЗрж░ ржЬржирзНржп ржЬрж╛рзЯрзЗржж ржЦрж╛ржирзЗрж░ ржнржХрзНржд рж╣рзЯрзЗ ржпрж╛ржмред",Negative,0,0,0,0,0,0,0
"рж╕рж┐ржирзЗржорж╛ рж╣рж▓рзЗрж░ рж▓рзЛржХржжрзЗрж░ рж╕рж┐ржЧрж╛рж░рзЗржЯ ржПрж░ ржмрж┐рж▓ ржЙржаржмрзЗ ржХрж┐ ржирж╛ рж╕ржирзНржжрзЗрж╣ ЁЯШР
ржЯрзНрж░рзЗржЗрж▓рж╛рж░ ржжрзЗржЦрзЗ ржЖржорж┐ ржкрзБрж░рж╛ ржХрзЗржирзНржжрзЗ ржжрж┐рзЯрзЗржЫрж┐ЁЯШР",Negative,1,3,0,0,0,0,1
"ржпрзЗржЗ рж▓рзЛржХ ржПржЗ рж╕рж┐ржирзЗржорж╛ржпрж╝ ржЯрж╛ржХрж╛ ржЗржиржнрзЗрж╕рзНржЯ ржХрж░ржЫрзЗ 
рждрж╛рж░ ржЬржирзНржп ржЖржорж╛рж░ ржЕржирзЗржХ ржХрж╕рзНржЯ рж╣ржпрж╝ ржмрзЗржЪрж╛рж░рж╛ ЁЯШг",Negative,1,2,0,0,0,0,0
ржХрж╛ржжрж╛рзЯ ржЧрзЬрж╛ржЧрзЬрж┐ ржХрж░рж╛рж░ ржХрж┐ ржжрж░ржХрж╛рж░,Neutral,1,2,0,0,0,0,0
ржмрж┐ржирзНржпрж╛рж╢ ржХржЗрж░рж╛ рж▓рж╛ржЗржЫрзЗ!,Neutral,0,2,0,0,0,0,0
рж╕рзЛржирж╛рж░ ржЫржмрж┐,Negative,0,0,0,0,0,0,0
ржЕржмрж╢рзЗрж╖рзЗ рж╕рзЛржирж╛рзЯ ржЪрзЬ,Negative,0,0,0,0,0,0,0
ржЖржкржирж╛рж░ рж╕рзЛржирж╛рж░ ржЪрж╛рж░рзЗрж░ ржкрзЛрж╕рзНржЯрзЗрж░ ржпрзЗ ржЕржмрж╕рзНржерж╛ рждрж╛ ржжрзЗржЦрзЗржЗ ржжрж░рзНрж╢ржХ ржмрзБржЭрзЗ ржпрж╛ржмрзЗ ржпрзЗ ржнрж┐рждрж░рзЗрж░ ржорж╛рж▓ ржорж╕рж▓рж╛ ржХрзЗржоржи рж╣ржмрзЗред,Negative,0,0,0,0,0,0,0
"ржпрзЗ ржпрж╛ржЗ ржмрж▓рзБржХ, ржЖржкржирж┐ ржПржЧрж┐рзЯрзЗ ржпрж╛ржЪрзНржЫрзЗржиред ржЖржкржирж╛рж░ рж╕рждрждрж╛, ржЕржХрзНрж▓рж╛ржирзНржд ржкрж░рж┐рж╢рзНрж░ржо, рж╕рзНржкрж╖рзНржЯ ржмрж╛ржЪржиржнржЩрзНржЧрж┐ ржПржмржВ ржкрзНржпрж╛рж╢ржи рж╕ржЪрзЗрждржирждрж╛ ржЖржкржирж╛ржХрзЗ ржирж┐рзЯрзЗ ржпрж╛ржмрзЗ рж╕ржлрж▓рждрж╛рж░ рж╕рж░рзНржмрзЛржЪрзНржЪ рж╢рж┐ржЦрж░рзЗред ржЖржкржирж┐ ржПржХржЬржи ржирж╛рзЯржХ, ржПржХржЬржи ржорзЛржЯрж┐ржнрзЗрж╢ржирж╛рж▓ рж╕рзНржкрж┐ржХрж╛рж░ ржПржмржВ ржПржХржЬржи ржЧрж╛рзЯржХредржЖржкржирж╛ржХрзЗ ржмрж╣рзБржорзБржЦрзА ржкрзНрж░рж╢рзНржиржмрж╛ржгрзЗ ржЬрж░рзНржЬрж░рж┐ржд ржХрж░рждрзЗ ржЪрзЗрзЯрзЗ ржЕржирзЗржХ ржЙржкрж╕рзНржерж╛ржкржХржЗ ржЙрждрзНрждрж░рзЗрж░ рждрзАржХрзНрж╖рзНржгрждрж╛рзЯ ржХрзНрж╖рждржмрж┐ржХрзНрж╖ржд рж╣рзЯрзЗржЫрзЗред ржпрж╛рж░рж╛ ржкрж┐ржЫржирзЗ ржЖржкржирж╛ржХрзЗ ржирж┐рзЯрзЗ ржЯрзНрж░рж▓ ржХрж░рзЗ, ржжрзЗржЦрж╛ рж╣рж▓рзЗ рждрж╛рж░рж╛ржЗ ржкрзНрж░ржержо ржЖржкржирж╛рж░ рж╕рж╛ржерзЗ рж╕рзЗрж▓ржлрж┐ рждрзБрж▓ржмрзЗ ; ржПржЦрж╛ржирзЗржЗ ржЖржкржирж╛рж░ рж╕ржлрж▓рждрж╛ред рж╢рж╛ржХрж┐ржм ржЦрж╛ржирзЗрж░ рж╕рж╛ржерзЗ ржХрзЗржмрж▓ ржЖржкржирж┐ржЗ рждрзБрж▓ржирзАрзЯред ржЖржкржирж╛рж░рж╛ ржжрзБ'ржЬржи ржмрж┐рж╢рзЗрж╖ ржХрж░рзЗ ржЖржкржирж┐ ржХрж╛ржЬ ржмржирзНржз ржХрж░рзЗ ржжрж┐рж▓рзЗ рж╢рждрж╢ржд ржЗржЙржЯрж┐ржЙржмрж╛рж░рзЗрж░ ржЬрзАржмржирзЗ ржШрзЛрж░ ржЕржорж╛ржирж┐рж╢рж╛рж░ ржХрж╛рж▓рзЛржЫрж╛рзЯрж╛ ржирзЗржорзЗ ржЖрж╕ржмрзЗ,ржЖржкржирж╛рж░ ржЬржирзНржпржЗ ржЕржирзЗржХ ржЗржЙржЯрж┐ржЙржмрж╛рж░ ржкрж░рж┐ржмрж╛рж░рзЗ ржПржХржорзБржарзЛ ржЕржирзНржи ржЬрзБржЯрзЗред ржЖржкржирж┐ ржПржХржжрж┐ржи рж╢рж╛ржХрж┐ржм ржЦрж╛ржиржХрзЗ ржЕрждрж┐ржХрзНрж░ржо ржХрж░ржмрзЗржи, ржЖржкржирж╛рж░ ржкрж░рж┐рж╢рзНрж░ржо ржПржмржВ ржХржиржлрж┐ржбрзЗржирзНрж╕ рж▓рзЗржнрзЗрж▓ ржжрзЗржЦрзЗ ржЖржорж╛рж░ ржХрж╛ржЫрзЗ ржПржЯрж╛ржЗ ржоржирзЗ рж╣рзЯред ржкрзНрж░рждрзНржпрж╛рж╢рж╛ ржХрж░рж┐, ржПржХржжрж┐ржи рж╕рж╛рж▓ржорж╛ржи ржЦрж╛ржиржХрзЗржУ ржЕрждрж┐ржХрзНрж░ржо ржХрж░ржмрзЗржиред рж╢рзБржнржХрж╛ржоржирж╛ ржирж┐рж░ржирзНрждрж░ред
~ рж░рж╛рж╕рзЗрж▓ ржЗржмрзНрж░рж╛рж╣рзАржо",Positive,0,0,0,0,0,0,0
"ржпрзЗржоржи ржЧрж▓рзНржк рждрзЗржоржи ржирж╛рзЯржХ ржПржмржВ ржкрж░рж┐ржЪрж╛рж▓, ржУ ржмрж╛рж▓рзЗрж░ ржПржбрж┐ржЯрж┐ржВред",Negative,0,0,0,0,0,0,0
ржПржХржЯрж╛ ржХржерж╛ ржмрж▓рж╛рж░ ржЫрж┐рж▓рзЛ ржнрж╛ржЗрзЯрж╛,Neutral,0,0,0,0,0,0,0
рзирзжрзирзк рж╕рж╛рж▓рзЗрж░ рж╕рзЗрж░рж╛ ржХржорзЗржбрж┐ ржорзБржнрж┐ рж╣ржмрзЗ ржПржЯрж╛ред ржкрж░рж┐ржмрж╛рж░рж╕рж╣ ржжрзЗржЦрждрзЗ ржпрж╛ржмрзЛред,Negative,0,2,0,0,0,0,0
ржЖржорж┐ржУ ржжрзЗржЦржмрзЛ ржЕрж╕рж╛ржзрж╛рж░ржг,Positive,0,1,0,0,0,0,0
ржЖржкржирж┐ ржирж┐ржЬрзЗржЗ рждрзЛ ржПржХржЯрж╛ рж╕рзЛ** ЁЯШДЁЯе▒,Negative,0,0,0,0,0,0,0
ржирж┐ржЙржЬ ржЯрж╛ ржжрзЗржЦрж╛рж░ рж╕ржорзЯ ржмрж╛рждрж░рзБрж▓рзЗ ржЫрж┐рж▓рж╛ржоЁЯдР,Negative,0,0,0,0,0,0,0
"ржарж┐ржХ ржЖржЫрзЗ ""ржХрж╛ржХрзБ ""рж╢рзБржнржХрж╛ржоржирж╛ рж░ржЗрж▓редредред...",Positive,1,0,0,0,0,0,0
рж▓рж╛ржЧрзЗрж░ ржХрзЗржЗрж▓рзНрж▓рзЗ,Neutral,0,0,0,0,0,0,0
ржЧрж╛ржЗ ржорж╛рж░рзНржХрж╛,Negative,0,0,0,0,0,0,0
"ржнрж╛ржЗ, ржмрзЗржЗрж▓рж┐ рж░рзЛржбрзЗ рзкрзй ржЬржи ржорж╛рж░рж╛ ржЧрзЗржЫрзЗ рж╕ржмрж╛ржЗ рж╢рзЛржХрж╛рж╣рждред ржПржХржЯрзБ рж╕ржЪрзЗрждржи рж╣рзЛржиред",Neutral,0,0,0,0,0,6,0
рж╢рзБржн рж░рж╛рждрзНрж░рж┐ рж╕рзЛржирж╛ ржнрж╛ржЗ,Negative,0,0,0,0,0,0,0
"ржнрж╛ржЗ ржорж┐рж░ржкрзБрж░ ржбрж┐ржкржЬрж▓ рж╕рж╛рж╣рзЗржмрзЗрж░ ржПрж╢рж┐ржпрж╝рж╛ рж╣рж▓рзЗ ржпржжрж┐ ржЖржкржирж╛рж░ ржЫржмрж┐ ржЯрж╛ ржЪрж╛рж▓рж╛ржпрж╝ рждрж╛рж╣рж▓рзЗ ржжрзЗржЦржмрзЛ ржХржерж╛ ржжрж┐рж▓рж╛ржо, ржЖржорж╛рж░ ржоржирзЗ рж╣ржпрж╝ ржирж╛ ржнрж╛ржЗ ржЖржкржирж╛рж░ ржПржЗ рж╕рзЛржирж╛рж░ ржЪрж░рзЗрж░ ржЫржмрж┐ ржбрж┐ржкржЬрж▓ рж╕рж╛рж╣рзЗржмрзЗрж░ ржПрж╢рж┐ржпрж╝рж╛ рж╣рж▓рзЗ ржЪрж╛рж▓рж╛ржмрзЗ, ржПрж╢рж┐ржпрж╝рж╛ рж╣рж▓рзЗ ржЪрж▓рж▓рзЗ ржжрзЗржЦрждрж╛ржоред",Neutral,0,0,0,0,0,0,0
ржмрзЛржжрж╛рж░ ржЪрж░ ржП ржЖржмрж╛рж░ ржХрзЗржоржи ржЫржмрж┐,Negative,0,2,0,0,0,0,0
рж╕ржм ржЪрж╛ржЗрждрзЗ рж╕рзЗрж░ ржжрж░рзНрж╢ржХ рж╣ржмрзЗ ржХрж┐ржирзНрждрзБ рж╣рж┐рж░рзЛ ржЖрж▓ржорзЗрж░ ржерзЗржХрзЗ ржУ ржХржо ржжрж░рзНрж╢ржХ рж╣ржмрзЗ ржЬрж╛ржпрж╝рзЗржж ржЦрж╛ржирзЗрж░ред,Negative,0,1,0,0,0,0,0
рж╕рзЛржирж╛рж░ ржЪрж╛ржорзЬрж╛-,Negative,0,0,0,0,0,0,0
ржПржХржЯрзБ ржЗржорзЛрж╢ржирж╛рж▓ рж╣ржпрж╝рзЗ ржЧрзЗрж▓рж╛ржо тШ║я╕ПЁЯШМ,Neutral,0,0,0,0,0,0,0
ржбрж┐ржЧржмрж╛ржЬрж┐ ржЖржЫрзЗ рждрзЛ?,Negative,0,1,0,0,0,0,0
ржЬрж╛рзЯрзЗржж ржЦрж╛ржи ржирж╛ржХрж┐ рж╕ржмрж╛рж░ ржХрзНрж░рж╛рж╕ ЁЯШО,Neutral,0,1,0,0,0,0,0
ржЬрж╛рзЯрзЗржж ржнрж╛ржЗ ржирж╛ржХрж┐ ??? ржЪрж┐ржирждрзЗржЗ ржкрж╛рж░рж┐ржирж┐ ЁЯШК,Neutral,0,0,0,0,0,0,0
ржЕржмрж╢рзЗрж╖рзЗ ржЖржкржирж╛рж░ рж╕рзЛржирж╛рзЯ ржЪрж░ ржкрзЬрж╛рждрзЗ ржЕржнрж┐ржиржирзНржжржи ржнрж╛ржЗредЁЯлг,Negative,0,0,2,0,0,0,0
"рж╕рзЛржирж╛рж░ ржЪрж░ рждрзЛ ржмрзБржЭрж▓рж╛ржо рж╕рзЛржирж╛ржЯрж╛ ржХржЗ,,,",Negative,0,2,0,0,0,0,0
"ржмрж╛ржмрж╛ ржЬрж╛рзЯрзЗржж, ржмрж╛ржмрж╛ ржбрж┐ржЧржмрж╛ржЬрж┐ , ржмрж╛ржмрж╛ рждрзБржЗ ржХрзЛржи ржкрж╛ржкрзЗрж░ рж╢рж╛рж╕рзНрждрж┐ ржЖржорж╛ржжрзЗрж░ ржХрзЗ ржжрж┐рждрж╛ржЫрзЛрж╕ ржмрж╛ржмрж╛ ЁЯе▓",Negative,0,1,0,0,0,0,0
ржПржЦрж╛ржирзЗ ржмржЩрзНржЧржмржирзНржзрзБрж░ ржХржерж╛ ржмрж▓рж╛ рж╣рзЯрзЗржЫрзЗ рждрж╛рж░ ржорж╛ржирзЗ ржорзБржнрж┐ рж▓ржЪ ржЦрж╛ржЗржмрзЛ рззрзжрзж% ржпржжрж┐ ржорзБржнрж┐ рж╣рж┐ржЯ рж╣рзЯ рждрж╛ржЗрж▓рзЗ ржмрж┐рж╖ ржЦрж╛рзЯрж╛ ржорж░рзБржоЁЯЩД,Negative,0,0,0,0,0,0,0
"ржнрж╛ржЗрзЯрзЗ ржПржЦржирж┐ рж╕ржорзЯ,, ржЦрзЛрж▓рж╕ ржЫрзЗрзЬрзЗ ржЖрж╕рзЗржи ржмрж╛рж╣рж┐рж░рзЗ",Positive,0,0,0,0,0,0,0
рж╣рж┐рж░рзЛ ржЖрж▓ржорзЗрж░ рж╕рж┐ржирзЗржорж╛рж░ ржЪрж╛ржЗрждрзЗ ржЖржкржирж╛рж░ рж╕рж┐ржирзЗржорж╛рзЯ ржжрж░рзНрж╢ржХ ржмрзЗрж╢рж┐ рж╣ржмрзЗ ржмрж▓рзЗ ржоржирзЗ рж╣рзЯ ржирж╛ ЁЯША,Negative,0,1,0,0,0,0,0
рж╕рзЛржирж╛рж░ ржЪрж░ рж╢рзБржХрж╛ржЗржпрж╝рж╛ ржЧрзЗржЫрзЗЁЯР╕,Negative,0,2,0,0,0,0,0
"ржирж╛ржо ржЯрж╛ржЗ ржПржХржЯрж╛ ржмрж┐ржирзЛржжржи ""рж╕рзЛржирж╛рж░ ржЪрж░""ЁЯШАЁЯША",Negative,0,1,0,0,0,0,0
"ржмрж╛рж╣рзН ржУрзЯрж╛ржУ,ржПржХржЯрж┐ ржЪржорзОржХрж╛рж░,ржПржХрзНрж╕рж┐рж▓рзЗржирзНржЯ, ржирж╛ржЗрж╕, ржЬрзЛрж╕, ржУрж╕рж╛ржо, рж╕рзЗржЗ, ржмрж┐ржЙржЯрж┐ржлрзБрж▓, ржУрзЯрж╛ржиржбрж╛рж░ ржлрзБрж▓
, ржЧрзЛрж▓рж╛ржкржлрзБрж▓, ржЬржмрж╛ ржлрзБрж▓, ржирж╛ржХ ржлрзБрж▓, ржЧрж╛ржжрж╛ ржлрзБрж▓, рж╢рж╛ржкрж▓рж╛ ржлрзБрж▓, рж░ржЬржирзАржЧржирзНржзрж╛ ржлрзБрж▓, ржмрзЗрж▓рзАржлрзБрж▓, ржЖржЧрзБржи, ржкрж╛ржирж┐, ржЭрзЬ, ржмрзГрж╖рзНржЯрж┐,ржорж┐рж╖рзНржЯрж┐,ржмрж╛рждрж╛рж╕, рждрзБ' ржлрж╛ржи, ржШрзВрж░рзНржгрж┐ржЭрзЬ, ржарж╛ржирзНржбрж╛, ржмрзАржЬрж▓рж┐, ржнрзВржорж┐ржХржорзНржк,ржЕрждрзБрж▓ржирзАрзЯ,рж░рзЛржорж╛ржЮрзНржЪржирзАрзЯ, ржлрзБржЯржлрзБржЯрзЗ ржПржХржЯрж┐ ржЯрж╛ржЯржХрж╛ ржЫржмрж┐,..... ЁЯШЕ",Neutral,0,0,0,0,0,0,0
ржЖржорж┐ ржЧрзНрж░рж╛ржорзЗ ржерж╛ржХрж┐ ржнрж╛ржЗрзЯрж╛ ржЖржкржирж╛рж░ ржорзБржнрж┐ржЯрж╛ ржХрж┐ржнрж╛ржмрзЗ ржжрзЗржЦржм ржЬрж╛ржирж╛рж▓рзЗ ржЙржкржХрзГржд рж╣ржм,Neutral,0,0,0,0,0,0,0
ржПржЗ ржорзБржнрж┐рждрзЗ ржХрж┐ ржХрж▓рж╕рж┐рж░ ржорждрзЛ ржкрзЗржЯ рзм ржкрзНржпрж╛ржХ ржжрзЗржЦрж╛ ржЬрж╛ржмрзЗ ржнрж╛ржЗрзЯрж╛ ЁЯджтАНтЩВя╕ПЁЯджтАНтЩВя╕ПЁЯджтАНтЩВя╕П,Negative,0,0,0,0,0,0,0
ржбрж┐ржЧ ржмрж╛ржЬрж┐ ржЖржЫрзЗ ржирж╛ржХрж┐ ржпржжрж┐ ржерж╛ржХрзЗ рждржмрзЗ рж╕рзЛржирж╛ржЯрж╛ ржжрзЗржЦрждрзЗ ржпрж╛ржмрзЛ,Negative,0,0,0,0,0,0,0
"ржЖржкржирж╛рж░ ржЗржиржмржХрзНрж╕рзЗ ржЧрж╛рж▓рж┐ ржжрж┐ржЫрж┐, ржЪрзЗржХ ржХрж░рзЗржиЁЯШК",Negative,0,0,0,0,0,0,0
рж╕рзЛржирж╛рж░ ржЪрж░ ржЫржмрж┐рждрзЗ ржЖржорж╛рж░ рж▓рзЗржЦрж╛ ржЧрж╛ржиржЧрзБрж▓рзЛ (рж╕рж╛рж╣рж╛ржмрзБржжрзНржжрж┐ржи ржоржЬрзБржоржжрж╛рж░) ржЪрж┐рж░ржжрж┐ржи рж╕ржмрж╛рж░ ржнрж╛рж▓рзЛ рж▓рж╛ржЧржмрзЗ ржЗржирж╢рж╛рж▓рзНрж▓рж╛рж╣,Positive,0,0,0,0,0,0,0
ЁЯдгржХрж┐рж░рзЗ ржнрж╛ржЗ ржЖржкржирж┐ рждрзЛ рж╣рж┐рж░рзЛ ржЖрж▓ржо ржП-рж░ ржерзЗржХрзЗржУ ржирж┐ржЪрзБ рж▓рзЗржнрзЗрж▓ ржП-рж░ЁЯЩВ,Negative,0,1,0,0,0,0,0
рж▓рж╛ржн ржирж╛ржЗ ржнрж╛ржЗред рж╕рж┐ржирзЗржорж╛ рж╣рж▓рзЗрж░ ржмрж┐ржжрзНржпрзБрзО ржмрж┐рж▓ржЯрж╛ржУ ржЙржаржмрзЗ ржирж╛ред,Negative,1,13,0,0,0,0,0
"ржЖржкржирж┐ рждрзЛ рж▓рзЛржХ ржжрзЗржЦрзЗ рждрж╛рж░ржкрж░ ржХржорзЗржирзНржЯрзЗрж░ рж░рж┐ржкрзНрж▓рж╛ржЗ ржжрж┐ржЪрзНржЫрзЗржиредред ржмрж╛ржХрж┐ ржпрж╛рж░рж╛ ржЖржкржирж╛ржХрзЗ ржЕржнрж┐ржиржирзНржжржи ржЬрж╛ржирж╛ржЪрзНржЫрзЗ рждрж╛ржжрзЗрж░ ржкрзНрж░рждрж┐ ржЖржкржирж╛рж░ ржХрзЛржи ржирзВржирзНржпрждржо ржЖржЧрзНрж░рж╣ ржирзЗржЗредредред
ржпрждржжрзВрж░ ржЦрзЛржБржЬ ржирж┐ржпрж╝рзЗ ржЬрзЗржирзЗржЫрж┐ рж▓рзЛржХ рж╣рж┐рж╕рзЗржмрзЗ ржЖржкржирж┐ ржЦрж╛рж░рж╛ржк ржирж╛редредред",Positive,0,0,0,0,0,0,0
"ржмрж┐ржжрзНржпрзБржд ржЦрж░ржЪ ржЙржаржмрзЗ ржд ржирж╛ржХрж┐ред
ржПржЦржи ржЖржмрж╛рж░ржУ ржмрж┐ржжрзНржпрзБрждрзЗрж░ ржжрж╛ржо ржмрж╛рзЬрж╛ржирзЛ рж╣ржЗржЫрзЗЁЯлб",Negative,0,2,0,0,0,0,0
ржЧрзБрж░рзБ ржЕржи ржлрж╛рзЯрж╛рж░ ЁЯФеЁЯФеЁЯФе тЬМя╕П ржЫржмрж┐рж░ ржЯрж┐ржХрж┐ржЯ ржХрж┐ржнрж╛ржмрзЗ ржкрж╛ржмрзЛ ЁЯдй,Positive,0,1,0,0,0,0,0
"S N Shamim Rahaman ржЯрзНрж░рзЗрж▓рж╛рж░ ржжрзЗржЦрзЗ ржорзБржЧрзНржз, ржП ржПржХ ржЕржирзНржп рж░ржХржо ржЬрж╛рзЯрзЗржж ржЦрзЗржи ржЕржмрж╢рзНржпржЗ ржкрж░рж┐ржмрж╛рж░рзЗрж░ рж╕ржжрж╕рзНржпржжрзЗрж░ ржирж┐рзЯрзЗ ржжрзЗржЦржм ЁЯдлЁЯдл",Positive,0,0,0,0,0,0,0
ржнрж╛ржЗ ржкрзБрж░рзЛ ржжрзЗрж╢ рж╢рзЛржХрж╛рж╣ржд ржмрзЗржЗрж▓рж┐ рж░рзЛржбрзЗрж░ ржШржЯржирж╛рзЯред ржПржоржи рж╕ржорзЯ ржПржоржи ржкрзЛрж╕рзНржЯ ржмрзЗржорж╛ржирж╛ржиред,Neutral,0,1,0,0,0,0,0
рж╢рзБржЯрж┐ржВ ржХржмрзЗ рж╣рзЯрзЗржЫрж┐рж▓рзЛ ржЖрж░ рж░рж┐рж▓рж┐ржЬ ржХржмрзЗ рж╣ржЪрзНржЫрзЗ,Neutral,0,0,0,0,0,0,0
"ржЦрзБржм рж╕рзБржирзНржжрж░ ржнрж╛ржЗ, ржПржЧрж┐рзЯрзЗ ржпрж╛ржи ржЖржорж╛рж░ ржЖржкржирж╛рж░ ржкрж╛рж╢рзЗ ржЖржЫрж┐ред",Positive,0,0,0,0,0,0,0
рж░рзБржЪрж┐рждрзЗ ржжрзБрж░рзНржнрж┐ржХрзНрж╖ рж▓рж╛ржЧрж▓рзЗ ржорж╛ржирзБрж╖ ржПржЗ ржЫржмрж┐ ржжрзЗржЦржмрзЗЁЯЩВ,Negative,1,1,0,0,0,0,0
"рж╕рзНржпрж╛рж░, ржЖржорж┐ ржХрж┐ржирзНрждрзБ ржЖржкржирж╛рж░ ржмрж┐ржЧ ржлрзНржпрж╛ржиред ржЖржкржирж╛рж░ ржкрзНрж░рждрж┐ржЯрж╛ ржорзБржнрж┐ ржЖржорж┐ ржЦрзБржм ржЖржЧрзНрж░рж╣ ржирж┐рзЯрзЗ ржжрзЗржЦрж┐ред рж╕ржорж╕рзНржпрж╛ рж╣ржЪрзНржЫрзЗ ржИржжрзЗрж░ ржжрж┐ржи ржЖржорж┐ ржЪрж╛ржБржжржкрзБрж░рзЗ ржерж╛ржХржмрзЛред ржЖрж░ ржЖржкржирж┐рждрзЛ ржЬрж╛ржирзЗржи, ржЖржорж╛ржжрзЗрж░ ржжрзЗрж╢рзЗ ржЪрж╛ржБржжржкрзБрж░рзЗ ржПржХржжрж┐ржи ржЖржЧрзЗ ржИржж рж╣рзЯред рждрж╛ржЗ ржЖржорж┐ рж╕ржарж┐ржХ рж╕ржорзЯ ржирж┐рзЯрзЗ ржХржиржлрж┐ржЙржЬржбред ржорзБржнрж┐ржХрж┐ ржЪрж╛ржБржжржкрзБрж░рзЗрж░ ржЯрж╛ржЗржорзЗ ржорзБржХрзНрждрж┐ ржкрж╛ржмрзЗ ржирж╛ржХрж┐ ржврж╛ржХрж╛рж░ ржЯрж╛ржЗржорзЗ ржорзБржХрзНрждрж┐ ржкрж╛ржмрзЗред",Positive,0,0,0,0,0,0,0
ржкрзНрж░ржержорзЗ ржнрж╛ржмржЫрж┐рж▓рж╛ржо рж╕рзЛржирж╛ ржЪрзЛрж░ редржкрж░рзЗ рж▓ржХрзНрж╖ ржХрж░рзЗ ржжрзЗржЦрж┐ рж╕рзЛржирж╛рж░ ржЪрж░ ред,Negative,0,0,0,0,0,0,0
ржирж╛рзЯрж┐ржХрж╛ рж╣рж┐рж╕рзЗржмрзЗ ржПржХ рж╕ржорзЯрзЗрж░ ржбрзНрж░рж┐ржо ржЧрж╛рж░рзНрж▓ ржХрзНрж╖рзНржпрж╛рждрзЛ ржЕржЮрзНржЬрзБ ржерж╛ржХрж▓рзЗ ржжрзЗржЦрждрзЗ ржпрзЗрждрж╛ржоред,Neutral,0,0,1,0,0,0,0
"рж╢рж┐рж░рж╛рзЯ рж╢рж┐рж░рж╛рзЯ рж░ржХрзНржд тЬК
ржЖржорж░рж╛ ржЬрж╛рзЯрзЗржж ржЦрж╛ржирзЗрж░ ржмржХрзНржд тЬК",Positive,0,0,0,0,0,0,0
ржЖржорж╛ржжрзЗрж░ ржУ ржПржХржЯрж╛ рж╕рж╛рж▓ржорж╛ржи ржЦрж╛ржи ржЖржЫрзЗредржХрж┐ржирзНрждрзБ ржЖржорж░рж╛ рждрж╛ржХрзЗ ржЕржмрж╣рзЗрж▓рж╛ ржХрж░рзЗ ржЬрж╛рзЯрзЗржж ржЦрж╛ржи ржмрж▓рзЗ ржбрж╛ржХрж┐редЁЯШЖ,Neutral,0,0,0,0,0,0,0
ржЬрж╛рж╣рж┐ржж ржнрж╛ржЗ ржЖржкржирж╛ржХрзЗ ржорзБржнрж┐ ржмрж╛ржирж╛ржирзЛрж░ ржкрж╛рж░ржорж┐рж╢ржи ржжрж┐ржпрж╝рзЗржЫрзЗ ржХрзЗ ЁЯШК,Negative,0,1,0,0,0,0,0
ржЧрж░рзАрж░рзЗрж░ рж╕рж╛рж▓ржорж╛ржи ржЦрж╛ржиЁЯШО,Neutral,0,1,0,0,0,0,0
ржоржирзЗ рж╣рзЯ ржХрзБржд ржкрж╛ржЗрж░рж╛ рж╣рж╛ржЧрждрж╛ржЫрзЗ ЁЯЩИ,Negative,0,0,0,0,0,0,0
ржорж╛ржирзБрж╖ ржкрзБрзЬрзЗ ржЫрж╛ржЗ рж╣рзЯрзЗ ржпрж╛ржЪрзНржЫрзЗ ржЖрж░ ржЖржкржирж┐ ржПржЗ ржорзБрж╣рзВрж░рзНрждрзЗ рж╕рж┐ржирзЗржорж╛ ржкрзНрж░ржорзЛрж╢ржи ржХрж░ржЫрзЗржиред ржЖржкржирж╛рж░ ржХрж╛ржЫрзЗ ржерзЗржХрзЗ ржПржЯрж╛ ржЖрж╢рж╛ ржХрж░рж┐ржирж┐ ржЬрж╛рзЯрзЗржж ржнрж╛ржЗ,Negative,0,0,0,1,0,0,0
"ржУрзЯрж╛рж╣ ЁЯШР ржУрзЯрж╛рж╣ ЁЯШм ржХрж┐ рж╕рзБржирзНржжрж░ ржкрзЛрж╖рзНржЯрж╛рж░ ржбрж┐ржЬрж╛ржЗржи ЁЯе╣
ржпрзЗржоржи ржорзБржнрж┐ рждрзЗржоржи ржирж╛рзЯржХ, ржЖрж░ рждрзЗржоржиржЗ рждрж╛рж░ ржкрзЛрж╖рзНржЯрж╛рж░ ЁЯдг",Negative,0,0,0,0,0,0,0
рж░рж╛ржЬржХрзБржорж╛рж░ ржПрж░ ржЬржирзНржп рж╢рзБржнржХрж╛ржоржирж╛,Positive,0,0,0,0,0,0,0
"ржкрзНрж░рж┐рзЯ ржЕржнрж┐ржирзЗрждрж╛
ржЖржкржирж╛рж░ ржПржХ ржбрж┐ржЧржмрж╛ржЬрж┐рждрзЗржЗ ржЖржкржирж╛рж░ ржЫржмрж┐ рж╕рзБржкрж╛рж░ ржбрзБржкрж╛рж░ рж╣рж┐ржЯ рж╣ржмрзЗ ЁЯЩВ",Negative,0,1,0,0,0,0,0
ржХрзНрж▓рж┐ржи рж╕рзЗржн ржХрж░рзЗ ржХрж╛ржжрж╛рзЯ ржЧрзЬрж╛ржЧрзЬрж┐ ржЦрж╛ржЪрзНржЫрзЗред ржЪрзЗрж╣рж╛рж░рж╛рзЯрждрзЛ ржХрж╖рзНржЯрзЗрж░ ржХрзЛржи ржЫрж╛ржк ржирзЗржЗред ржЗрзЯрзЗ ржкрзЗрж╛рж╕рзНржЯрж╛рж░ рж╣рж┐ ржЧрж╛рж▓рж╛ржд рж╣рзНржпрж╛рзЯред,Neutral,0,1,0,0,0,0,0
"ржЖржорж┐ ржмрзБржЭрж┐ ржирж╛, ржПржжрзЗрж░ рж╕рж┐ржирзЗржорж╛ ржжрзЗржЦрзЗ ржХрж╛рж░рж╛!ЁЯШЖЁЯе┤",Negative,0,0,0,0,0,0,0
"ржнрж╛ржмржЫрж┐ ржИржжрзЗ ржмрж╛рзЬрж┐рждрзЗ ржпрж╛ржмржирж╛ ржврж╛ржХрж╛рзЯ ржХрж┐ ржХрж░ржмрзЛред

ржЖржкржирж╛рж░ ржкрзЛрж╖рзНржЯ ржжрзЗржЦрзЗ ржЖрж░ ржЯрзЗржирж╢ржи ржирж╛ржЗред
ржкрзНрж░рждрж┐ржжрж┐ржи рж╣рж▓рзЗ ржЧрж┐рзЯрзЗ ржПржЗ ржЫржмрж┐ ржжрзЗржЦржмрзЛ рж╕рж╛рж░рж╛ржжрж┐ржиред",Positive,0,0,0,0,0,0,0
"ржнрж╛ржЗ ржЖржкржирж╛рж░ ржорзВрж▓рзНржп ржмрж╛ржВрж▓рж╛ржжрзЗрж╢рзЗрж░ ржорж╛ржирзБрж╖ ржжрж┐рждрзЗ ржкрж╛рж░ржмрзЗ ржирж╛..ржЖржкржирж┐ ржЬржирзНржоржЧрзНрж░рж╣ржг ржХрж░рж╛ ржжрж░ржХрж╛рж░ ржЫрж┐рж▓ ржнрзЛржЬржкрзБрж░рзА ржЗржирзНржбрж╛рж╕рзНржЯрзНрж░рж┐рждрзЗ ржнрзБрж▓ ржХржЗрж░рж╛ ржмрж╛ржВрж▓рж╛ржжрзЗрж╢ ржкржпрж╝ржжрж╛ рж╣ржЗржпрж╝рж╛ ржЧрзЗржЫрзЗржи ржмрж╛ржВрж▓рж╛ржжрзЗрж╢рзЗрж░ ржорж╛ржирзБрж╖ржжрзЗрж░ ржХрж╖рзНржЯ ржжрзЗржУржпрж╝рж╛рж░ ржЬржирзНржп. ржжржпрж╝рж╛ ржХрж░рзЗ ржнрзЛржЬржкрзБрж░рж┐ ржЗржирзНржбрж╛рж╕рзНржЯрзНрж░рж┐рждрзЗ ржПржХржЯрзБ ржЯрзНрж░рж╛ржЗ ржХрж░рзЗ ржжрзЗржЦржмрзЗржи. ржпржжрж┐ ржУржЦрж╛ржирзЗ ржЪрж╛ржирзНрж╕ ржкрж╛ржи ржЖржкржирж╛рж░ рж╕рж╛ржерзЗ рж╣рж┐рж░рзЛ ржЖрж▓ржоржХрзЗ ржирж┐ржпрж╝рж╛ ржпрж╛ржЗржпрж╝рзЗржи ржЖржорж░рж╛ ржмрж╛ржВрж▓рж╛ржжрзЗрж╢рзЗрж░ ржорж╛ржирзБрж╖ рж╢рж╛ржирзНрждрж┐рждрзЗ ржерж╛ржХрждрзЗ ржкрж╛рж░ржмрзЛ.тЩея╕ПтЩея╕П Stai bene, che Allah ti benedica Di cos'altro parli in italiano?",Positive,1,0,0,0,0,0,0
ржЬржорж┐ ржмрзЗржЗржЪрзНржЪрж╛ рж╣ржЗрж▓рзЗржУ ржорзБржнрж┐ржЯрж╛ ржжрзЗржЦрж╛ ржЙржЪрж┐рзО,Negative,0,1,0,0,0,0,0
ржнрж╛ржЗ ржкрзЛрж╕рзНржЯрж╛рж░ржЯрж╛ ржХрж┐ ржЙржЗржирзНржбрзЛржЬрзЗрж░ ржбрж┐ржлрж▓рзНржЯ ржлржЯрзЛ ржПржбрж┐ржЯрж┐ржВ ржЕрзНржпрж╛ржк ржкрзНрж░рж┐ржирзНржЯ ржжрж┐ржпрж╝рзЗ рждрзИрж░рж┐ ржХрж░рж╛ ржирж╛ржХрж┐,Negative,0,0,0,0,0,0,0
ржЖрж╕рзНржд ржПржХржЯрж╛ 'ржЬрж▓ржкрж╛ржарж╛' ржХрж╛ржжрж╛рзЯ ржкрзЬрзЗ ржЖржЫрзЗ!,Negative,0,0,0,0,0,0,0
ржЕржкрзЗржХрзНрж╖рж╛ ржпрзЗ рж╢рзЗрж╖ рж╣рзЯржирж╛редредржЖржмрзЗржЧ,Neutral,0,0,0,0,0,0,0
рж╕ржорзЯ ржЯрж╛ ржирж╖рзНржЯ ржХрж░рж╛рж░ ржХрзЛржи ржжрж░ржХрж╛рж░ ржирж╛ржЗ ржПржЗ рж╕рзЛржирж╛ ржжрзЗржЦрзЗЁЯлгЁЯдгржУрж╣ ржжрзБржГржЦрж┐ржд рж╕рзЛржирж╛рж░ржЪрж░ЁЯМЪЁЯМЪ,Negative,0,0,0,0,0,0,0
рж╢рзБржзрзБ рж╕рзЛржирж╛ ржирж┐ржпрж╝рзЗ ржкржбрж╝рзЗ ржерж╛ржХрж▓рзЗ рж╣ржмрзЗ !!,Negative,0,0,0,0,0,0,0
"рж╢рзБржнржХрж╛ржоржирж╛ рж░ржЗрж▓рзЛ ржорж╛ржорж╛
ржирж┐ржХржЯрж╕рзНрже ржкрзНрж░рзЗржХрзНрж╖рж╛ржЧрзГрж╣рзЗ ржорзБржХрзНрждрж┐ ржкрзЗрж▓рзЗ ржЕржмрж╢рзНржпржЗ ржжрзЗржЦрждрзЗ ржпрж╛ржмрзЛ ЁЯе░",Positive,0,0,0,0,0,0,0
ржЫржмрж┐ржЯрж╛ ржирж┐рж╢рзНржЪрж┐ржд рж╣рж┐ржЯ ржХрж░ржмрзЗред,Positive,0,0,0,0,0,0,0
ржЯрзНрж░рзЗржЗрж▓рж╛рж░рзЗрж░ ржПржо ржмрж┐ ржлрзЗрж░ржд ржЪрж╛ржЪрзНржЫрзЗ ржЕржирзЗржХрзЗржЗ ржПржо ржмрж┐ ржлрзЗрж░ржд ржжрж┐ржи,Negative,0,0,0,0,0,0,0
"ржжрзБржЗржЯрж╛ ржбрж┐ржЧржмрж╛ржЬрж┐ ржжрж┐ржмрзЗржи ржнрж╛ржЗ,,ржорзБржнрж┐ржЯрж╛ ржЧрж░ржо ржХрж░рж╛рж░ ржЬржирзНржпред",Negative,0,0,0,0,0,0,0
ржУрзЯрзЗрж▓ ржкрзЗржкрж╛рж░рзЗрж░ ржЫржмрж┐ржЯрж╛ рж╕рзЗржЗ ржнрж╛ржЗЁЯША,Positive,0,0,0,0,0,0,0
рж╢рзБржн ржХрж╛ржоржирж╛ рж░ржЗрж▓рзЛ ржнрж╛ржЗржпрж╝рж╛ рждржмрзЗ ржИржжрзЗрж░ рж╕ржоржпрж╝ ржорзБржХрзНрждрж┐ ржирж╛ ржжрзЗржпрж╝рж╛ржЗ ржнрж╛рж▓рзЛ,Neutral,0,0,0,0,0,0,0
рж╣рж▓ ржорж╛рж▓рж┐ржХржжрзЗрж░ ржмрж┐ржжрзНржпрзБрзО ржмрж┐рж▓ ржЖржЧрзЗржЗ ржкрж░рж┐рж╢рзЛржз ржХрж░рзЗ ржжрж┐ржУ ржмрзНрж░рзЛ... ржпржжрж┐ ржирж╛ ржЙржарзЗ....ЁЯШБЁЯдгЁЯШБ,Negative,0,2,0,0,0,0,0
ржЖржкржирж╛рж░ ржЫржмрж┐ ржЧрзБрж▓рзЛ ржЖржорж╛рж░ ржЕржирзЗржХ ржнрж╛рж▓рзЛ рж▓рж╛ржЧрзЗ,Positive,0,0,0,0,0,0,0
ржЖржорж╛рж░ рж╕ржмржЪрзЗржпрж╝рзЗ ржкрзНрж░рж┐ржпрж╝ ржПржмржВ ржкржЫржирзНржжрзЗрж░ ржирж╛ржпрж╝ржХ ржЖржкржирж┐ ржЖржкржирж╛рж░ ржорзБржнрж┐ржЯрж╛ ржжрзЗржЦрж╛рж░ ржЬржирзНржп ржЖржорж┐ рж╕рж┐ржирзЗржорж╛ рж╣рж▓рзЗ ржпрж╛ржмтШСя╕П,Positive,0,1,0,0,0,0,0
"ржХржорзЗржбрж┐рзЯрж╛ржи ржХрж┐ ржнрж╛ржмрзЗ ржирж╛рзЯржХрзЗрж░ ржЖржнрж┐ржирзЯ ржХрж░рзЗ, 
рждрзБржорж╛рж░ ржерзЗржХрзЗ рж╕рзЗржлрзБржжрж╛ ржЕржирзЗржХ ржнрж╛рж▓, ржорж╛ржкрзЗрж░ ржЖржнрж┐ржирзЗрждрзЗ ЁЯШЖЁЯШЖ",Negative,0,0,0,0,0,0,0
"ржжрзЗрж╢рзЗ ржХрзБржХрзБрж░ ржЖрж░ ржмрзЗрзЬрж╛рж▓ржжрзЗрж░ ржЦрзБржЬрзЗ ржкрж╛ржУрзЯрж╛ ржорзБрж╕ржХрж┐рж▓...
ржИржжрзЗрж░ ржжрж┐ржирзЗ...
рж╕ржмрж╛ржЗ ржпржжрж┐ ржорзБржнрж┐ ржжрзЗржЦрждрзЗ ржпрж╛рзЯ...
ржЖржорж░рж╛ ржХрж┐ ржХрж░ржмрзЛ",Negative,0,0,0,0,0,0,0
рж░рзБржЪрж┐рж░ ржжрзБрж░рзНржнрж┐ржХрзНрж╖,Negative,0,0,0,0,0,0,0
ржжрж╛ржжрж╛ ржнрж╛ржЗ ржЫржмрж┐рж░ ржирж╛ржо ржЬрж┐ржмржирзЗрж░ ржзрж░рж╛ ЁЯдгЁЯдгЁЯдг,Negative,0,0,0,0,0,0,0
ржЕржкрзЗржХрзНрж╖рж╛рзЯ рж░ржЗрж▓рж╛ржоред ржжрзЗржЦржмред ржжрзЛрзЯрж╛ ржУ рж╢рзБржнржХрж╛ржоржирж╛ рж░ржЗрж▓ред,Positive,0,0,0,0,0,0,0
ржкрзНрж░рзЗржХрзНрж╖рж╛ржЧрзГрж╣рзЗ ржирж╛ ржЖржкржирж╛рж░ ржЫржмрж┐ ржПржмржВ ржЖржкржирж┐ ржерж╛ржХрж╛ ржжрж░ржХрж╛рж░ ржЪрж┐рж░рж┐рзЯрж╛ржЦрж╛ржирж╛рзЯЁЯдг,Negative,0,1,0,0,0,0,0
ржХрж┐ржбржирзА ржмрж┐ржХрзНрж░рж┐ ржХрж░рзЗ рж╣рж▓рзЗржУ ржПржЗ ржЫржмрж┐ рж╣рж▓рзЗ ржЧрж┐рзЯрзЗ ржжрзЗржЦржмрзЛ,Negative,0,0,0,0,0,0,0
рждрзЛржорж╛рж░ рж╕рзЛржирж╛ рж╕рзЛржирж╛ржЗ ржерж╛ржХржмрзЗ ржХрзЛржирзЛржжрж┐ржи ржЖрж░ ржЧрзЛрж▓рзНржб рж╣ржмрзЗржирж╛ред,Negative,0,1,0,0,0,0,0
рж╕рзБржирж╛рж░ ржЪрзЬ ржорж╛ржирзЗ рж╣рж▓рзЛ ржорж╛ржЬржЦрж╛ржирзЗ рж╕рзБржирж╛ ржЖрж░ рж╕рзБржирж╛рж░ ржЪрж╛рж░ ржкрж╛рж╢рзЗ ржмрзНрж░рж┐ржХрзНрж╖ рж▓рждрж╛,Negative,0,0,0,0,0,0,0
ржЖржЧрж╛ржорзА ржПржХрж╢рзЛ ржмржЫрж░рзЗржУ ржПрж░ржХржо ржнрж╛рж▓рзЛ ржЫржмрж┐ ржжрзЗржЦрж╛ ржпрж╛ржмрзЗ ржирж╛ред,Positive,0,0,0,0,0,0,0
рж╕рзЛржирж╛рж░ ржЪрж░' ржПрж░ рж╣рж┐ржирзНржжрж┐ ржХрзА рж╣ржмрзЗ?,Neutral,0,0,0,0,0,0,0
ржкрзЗржХ ржкрж╛ржирж┐ржд ржкржЗрж░рж╛ ржерж╛ржХ,Negative,0,0,0,0,0,0,0
ржУ ржХрж╛ржБржжрж╛ржпрж╝ ржЧржбрж╝рж╛ржЧржбрж╝рж┐ ржЦрж╛ржЪрзНржЫрзЗ ржХрзЗржи,Neutral,0,0,0,0,0,0,0
ржЪрзЗрж╣рж╛рж░рж╛ ржПржоржи ржХрзНржпрж╛ржи? ЁЯдг,Neutral,0,0,0,0,0,0,0
"ржЕржкрзЗржХрзНрж╖рж╛ржпрж╝ ржЫрж┐рж▓рж╛ржо ржЫржмрж┐ржЯрж╛рж░ред
ржкрзБрж░рзЛ ржлрзНржпрж╛ржорж┐рж▓рж┐ ржирж┐ржпрж╝рзЗ рж╣рж▓рзЗ ржЧрж┐ржпрж╝рзЗ ржЫржмрж┐ржЯрж╛ ржжрзЗржЦржмрзЛ ржмрж╛ржВрж▓рж╛рж░ ржжрж╛ржмрж╛ржВ ржЬрж╛ржпрж╝рзЗржж ржЦрж╛ржи ржирж┐рж░рж╛рж╢ ржХрж░ржмрзЗ ржирж╛ ржЖрж╢рж╛ ржХрж░рж┐ред",Positive,0,0,0,0,0,0,0
рж╕рзЛржирж╛ рждрзЛ ржЪрж░рзЗрж░ ржХрж╛ржжрж╛рзЯ ржЧрзЗржБржерзЗ ржЧрж┐рзЯрзЗржЫрзЗ ЁЯР╕,Negative,0,0,0,0,0,0,0
ржкрзЛрж╖рзНржЯрж╛рж░ ржжрзЗржЦрзЗржЗ ржоржирзЗ рж╣ржЪрзНржЫрзЗ ржЫржмрж┐ рж╣рж┐ржЯ рж╣ржмрзЗредЁЯШО,Positive,0,0,0,0,0,0,0
Mijanur Mir ржмржирзНржзрзБ рж╕рж┐ржЩрзНржЧрж╛ржкрзБрж░ ржкрзНрж░рзЗржХрзНрж╖рж╛ржЧрзГрж╣рзЗ ржЫржмрж┐ ржЪрж╛ржЗ! ржПржЯрж╛ ржЖржорж╛ржжрзЗрж░ ржкрзНрж░рж╛ржирзЗрж░ ржжрж╛ржмрж┐! тЬКтЬК,Positive,0,1,0,0,0,0,0
рж╣рзЗржбрж╛рж░ ржЪрж░ЁЯМЪ,Negative,0,0,0,0,0,0,0
ржЧрзЬрж╛ржЧрзЬрж┐ржЯрж╛ ржжрзЗржЦрж╛рж░ ржЬржирзНржп рж╣рж▓рзЗржУ ржорзБржнрж┐ржЯрж╛ ржЖржорж┐ ржжрзЗржЦржмрзЛЁЯдг,Neutral,0,0,0,0,0,0,0
ржнрж╛ржЗ ржЫржмрж┐ржЯрж┐ ржЗрждрж┐рж╣рж╛рж╕ рж╣ржпрж╝рзЗ ржерж╛ржХржмрзЗ,Positive,0,0,0,0,0,0,0
"рж╣рж▓рзЗ ржЧрж┐рзЯрзЗ ржХрзЗржЙ ржжрзЗржЦржмрзЗ ржирж╛, ржлрзЗрж╕ржмрзБржХрзЗ ржорзБржХрзНрждрж┐ ржжрж┐рждрзЗ ржкрж╛рж░рзЛ ржХрж┐ ржирж╛рж╣ ржжрзЗржЦрзЛред ржЕржЗржЪрзНржЫрж╛ рж╕рждрзНрждрзНржмрзЗржУ ржЕржирзЗржХрзЗ ржХрзЛржи ржХрзЛржи ржХрзНрж▓рж┐ржк ржжрзЗржЦрзЗ ржлрзЗрж▓ржмрзЗред",Negative,0,1,0,0,0,0,0
ржнрж╛ржЗ ржЖржкржирж┐ рж╢рж╛рж╣рж░рзБржХ ржЦрж╛ржирзЗрж░ ржоржд ржЖрж░рзЗржХржЯрж╛ ржкрж╛ржЯрж╛ржи ржЫржмрж┐ ржХрж░рзЗржиЁЯе░,Positive,0,0,0,0,0,0,0
ржЬрж╛ржпрж╝рзЗржж ржЦрж╛ржи ржорж╛ржЗ ржлрзЗржнрж╛рж░рж┐ржЯ ржорж╛ржЗ ржЖржЗ ржбрж▓,Positive,0,0,0,0,0,0,0
ржЧрзБ ржорж╛рж░рзНржХрж╛ ржирж╛ржпрж╝ржХ + ржЧрзБ ржорж╛рж░рзНржХрж╛ ржорзБржнрж┐ ЁЯР╕,Negative,0,0,1,0,0,0,0
"рж╣рж╛ржЧрж╛рж░ ржЪрж░ ,ржЪрзБрж▓ ржорж╛рж░рзНржХрж╛ ржорзБржнрж┐ 
ржкрзЛрж╖рзНржЯрж╛рж░ ржжрзЗржЦрзЗржЗ ржмрзЛржЭрж╛ ржпрж╛ржпрж╝ ЁЯШДЁЯШД",Negative,0,0,0,0,0,0,0
"ржЯрж╛ржХрж╛ ржжрж┐рзЯрзЗ ржмрж┐ржирзЛржжржи ржжрзЗржЦрж╛рж░ ржЗржЪрзНржЫрзЗ ржирж╛ржЗ,ржкрзЛрж╕рзНржЯрж╛рж░ ржжрзЗржЦржЫрж┐ ржПрждрзЗржЗ ржЕржирзЗржХ ржмрж┐ржирзЛржжржи ржкрж╛ржЗржЫрж┐",Negative,0,0,0,0,0,0,0
ржЖрж╣рж╛рж░рзЗ ржарзЛржБржЯрзЗрж░ ржжрж┐ржХрзЗ рждрж╛ржХрж╛рж▓рзЗ ржоржирзЗ рж╣ржЪрзНржЫрзЗ ржмржЩрзНржЧрзЛржкрж╕рж╛ржЧрж░ ржЙрж▓рзНржЯрзЗ ржЧрзЗржЫрзЗ,Negative,0,0,0,0,0,0,0
ржХржЗ ржЖржЗрждрж╛ржЫрзЗржи ржПржХржЯрзБ ржмрж▓рзЗ ржжрзЗржиред,Neutral,0,1,0,0,0,0,0
"ржХрж┐ ржЕрж╢рзНрж▓рзАрж▓ ржирж╛ржо!
ржнрж╛ржЗ рж░рзЗ ржнрж╛ржЗ,
ржЪрж░ ржжрж┐рждрзЗ рж╣рж╛ржд ржмрзНржпрж╛ржмрж╣рж╛рж░ ржХрж░рж╛ ржпрж╛рзЯ ржирж╛?",Negative,0,0,0,0,0,0,0
рж╕рзЛржирж╛рж░ ржЪрзЛрж░ржХрзЗ рж╕рзЛржирж╛ ржЪрзЛрж░ ржкрзЬрж╛ ржЖржорж┐ЁЯдгЁЯдгЁЯдг,Negative,0,0,0,0,0,0,0
"ржПржЗрж░рзЗ ржЖржорж╛рж░ рждрзЛржорж╛рж░ ржирж┐рж░рзНржпрж╛рждржи ржерзЗржХрзЗ ржорзБржХрзНрждрж┐ ржЪрж╛ржЗ,,, ржЖржорж╛ржжрзЗрж░ ржЕржкрж░рж╛ржз ржЖржорж░рж╛ ржПржЗ ржпрзБржЧрзЗ ржХрзЗржи ржЬржирзНржо ржЧрзНрж░рж╣ржг ржХрж░рж▓рж╛ржо",Neutral,0,0,0,0,0,0,0
рж╕рж┐ржирзЗржорж╛рж░ ржирж╛ржо рж╕рзЛржирж╛рж░ ржЪрж░ ржПржЗ ржирж╛ рж╣ржпрж╝рзЗ ржпржжрж┐(рж╕рзЛржирж╛рж░ ржЦрзЗрж▓рж╛)ржЕржержмрж╛ (рж╕рзЛржирж╛рж░ ржкрж╛ржУржпрж╝рж╛рж░),Negative,0,0,0,0,0,0,0
рж▓рзЗ ржорзЛржи ржорж╛рж░ржмрзЛ рждрзЛрж░ рж╕рзЛржирж╛рж░ ржЪрж░,Negative,0,0,0,0,0,0,0
ЁЯШЖрж╕рзЛржирж╛рж░ ржЪрж░ рж╢рзБржХрж╛ржЗржпрж╝рж╛ ржЧрзЗржЫрзЗ,Negative,0,0,0,0,0,0,0
ржЖрж╢рж╛ ржХрж░рж╛ ржпрж╛ржЪрзНржЫрзЗ рж╕рж┐ржирзЗржорж╛ржЯрж┐ рззрзж ржХрзЛржЯрж┐ ржЯрж╛ржХрж╛ ржЖрзЯ ржХрж░ржмрзЗЁЯднЁЯдн,Positive,0,1,0,0,0,0,0
ржнрж╛ржЗ ржПржЯрж╛ ржжрзЗржЦрж╛рж░ ржЬржирзНржп ржЕржзрзАрж░ ржЖржЧрзНрж░рж╣рзЗ ржмрж╕рзЗ ржЖржЫрж┐,Positive,0,0,0,0,0,0,1
рж╕рзБржкрж╛рж░ ржбрзБржкрж╛рж░ ржлрзНрж▓рзЛржк рж╣ржмрзЗ??? ржПржЯрж╛ ржирж┐рж╢рзНржЪрж┐ржд,Negative,0,0,0,0,0,0,0
ржЯрзНрж░рзЗрж▓рж╛рж░ ржжрзЗржЦрзЗржЫрж┐ ржоржирзЗ рж╣рж▓ ржПржХржЯрж╛ ржирждрзБржи ржЪржоржХ ржЖрж╕рждрзЗржЫрзЗред ржЕрж╕рж╛ржзрж╛рж░ржг ржПржХржЯрж┐ ржорзБржнрж┐ ржжрзЗржЦрждрзЗ ржкрж╛ржмрзЛ ржмрж▓рзЗ ржЖрж╢рж╛ ржХрж░рждрзЗржЫрж┐ ржпрж╛ ржЧржд рззрзж ржмржЫрж░рзЗ ржжрж░рзНрж╢ржХ ржмрж╛ржВрж▓рж╛ ржЪрж▓ржЪрзНржЪрж┐рждрзНрж░рзЗ ржкрж╛рзЯржирж┐ред,Positive,0,0,0,0,0,0,0
рж╢рж╛ржХрж┐ржмрзЗрж░ рж╕рж╛ржерзЗ рж╕рзЗржЗ ржЯржХрзНржХрж░ рж╣ржмрзЗред,Positive,0,0,0,0,0,0,0
рж╕рзЛржирж╛рж░ ржЪрж░ ржирж╛ржо ржирж╛ ржжрж┐рзЯрзЗ ржЕржирзНржп ржЪрж░ ржжрзЗржУрзЯрж╛ рж▓рж╛ржЧрждрзЛред,Neutral,0,0,0,0,0,0,0
ржЧрзНрж░рж╛ржо ржмрж╛ржВрж▓рж╛рж░ ржмрж╛ржВрж▓рж╛ ржЫржмрж┐ ржЖржорж╛рж░ ржнрж╛рж▓рзЛ рж▓рж╛ржЧрзЗ?,Positive,0,0,0,0,0,0,0
"ржЬрж╛ржпрж╝рзЗржж ржнрж╛ржЗ ржЖржорж╛ржжрзЗрж░ ржУржЦрж╛ржирзЗ ржПржХржЯрж╛ ржмрж╛рж▓рзБрж░ржЪрж░ ржЖржЫрзЗред
 ржирж┐ржЪрзЗ ржЦрзБржБржЬрж▓рзЗ ржоржирзЗ рж╣ржпрж╝ рж╕рзЛржирж╛ ржкрж╛ржУржпрж╝рж╛ ржпрж╛ржмрзЗред ржЖрж╕ржмрзЗржиржирж┐ ржЖржкржирж┐?",Negative,0,0,0,0,0,0,0
ржмрж┐рж╢рзНржмрзЗрж░ ржмрж┐ржЦрзНржпрж╛ржд ржорзБржнрж┐ рж╣ржмрзЗ ржПржЯрж╛,Positive,0,0,0,0,0,0,0
ржмрж╛ржВрж▓рж╛ржжрзЗрж╢рзЗрж░ рззржирж╛ржорзНржмрж╛рж░ ржЫржмрж┐ рж╣ржмрзЗред,Positive,0,0,0,0,0,0,0
"ржорж╛ржВржЧрзЗрж░ ржирж╛рждрж┐ ржЬржиржЧржирзЗ ржмрж╛рж▓рзЛ ржЫрж┐ржирзЗржорж╛ржЗ ржЦрж╛рзЯржирж╛ 
рж╕рзЛржирж╛рж░ржЪрж░ ржЦрж╛ржЗржмрзЛ ржХрзЗржорзНржирзЗ",Negative,0,0,0,0,0,0,0
ржЖржорж┐ ржЪрж╛ржЗ ржПржЗ ржЫржмрж┐ржЯрж┐ ржмрж╛ржВрж▓рж╛ржжрзЗрж╢рзЗрж░ ржЗрждрж┐рж╣рж╛рж╕рзЗ рж╕рж░рзНржмржХрж╛рж▓рзЗрж░ рж╕рзЗрж░рж╛ ржЫржмрж┐ рж╣рзЯрзЗ ржерж╛ржХржмрзЗред,Positive,0,0,0,0,0,0,0
ржнрж╛ржЗрзЯрж╛ред ржЖржорж┐ ржЖржкрзНржирж╛рж░ ржмрж░ ржлрзЗржиред ржХрж┐ржирзНрждрзБ ржЖржорж┐ ржЖржкрзНржирж╛рж░ рж╕рж┐ржирзЗржорж╛ ржжрзЗржЦрждрзЗ ржЫрж╛ржЗред ржЖржорж┐ ржирж┐ржЙржЗрзЯрж░рзНржХ ржП ржерж╛ржХрж┐ ржЖржкрзНржирж╛рж░ рж╕рж┐ржирзЗржорж╛ ржХрж┐ worldwide ржорзБржХрзНрждрж┐ ржкрж╛ржмрзЗред ржПржЦрж╛ржирзЗ ржХрж┐ржнрж╛ржмрзЗ ржЖржкрзНржирж╛рж░ рж╕рж┐ржирзЗржорж╛ ржжрзЗржЦрждрзЗ ржкрж╛рж░ржмрзЛ ржПржХрзНрждрзБ ржЬрж╛ржирж╛ржмрзЗржи ржкрзНрж▓рж┐ржЬред,Positive,0,0,0,0,0,0,0
"ржХрзЗржЙ ржжрзЗржЦржмрзЗржирж╛,,ржПржЗ ржкрж╛ржЧрж▓рж╛ ржЕржнрж┐ржирзЯ ржкрж╛рж░рзЗред",Negative,0,0,0,0,0,0,0
"ржмрж┐рж▓рзЗ ржорж╛ржЫ ржорж╛рж░рждрзЗ ржЧрж┐рзЯрзЗ ржХрж╛ржжрж╛рзЯ ржкрзЬрзЗ ржЧрж┐рзЯрзЗ, ржЖржорж╛рж░ ржПрж░ржХржо ржПржХржЯрж╛ рж▓рзБржХрж┐ржВ ржЖрж╕ржЫрж┐рж▓рзЛЁЯШБЁЯлг",Negative,0,0,0,0,0,0,0
ржПржмрж╛рж░рзЗрж░ ржИржжржЯрж╛рзЯ ржорж╛ржЯрж┐ рж╣рзЯрзЗ ржЧрзЗрж▓рзЛред,Positive,0,0,0,0,0,0,0
ржжрзБрж░ ржмрзЗржбрж╛ ржИржжрзЗ ржПржЗ ржЫржмрж┐ ржХрзЗ ржЖржиржмрзЗ рж╕рж┐ржирзЗржорж╛ рж╣рж▓ ржП ЁЯШБ,Negative,0,0,0,0,0,0,0
ржЖржорж╛рж░ рж╕рзЛржирж╛ ржжрзЗржЦржмрзЗ рждрзЛржорж╛рж░ ржорзБржнрж┐ЁЯШПЁЯШП,Negative,0,0,0,0,0,0,0
рждрзЛрж░ ржЫржмрж┐ржЯрж╛ ржоржирзЗ рж╣рзЯ рждрзЛржХрзЗржЗ ржЯрж┐ржХрж┐ржЯ ржХрзЗржЯрзЗ ржПржХрж╛ ржПржХрж╛ рж╣рж▓рзЗ ржмрж╕рзЗ ржжрзЗржЦрждрзЗ рж╣ржмрзЗред ржирждрзБржи ржПржХржЯрж╛ рж░рзЗржХрж░рзНржб рж╣рждрзЗ ржЪрж▓рзЗржЫрзЗ,Negative,0,0,0,0,0,0,0
рж╕рж╛рж░рзНржХрж╛рж╕ ржХрзЗрж╣ ржжрзЗржЦржмрзЗ ржирж╛,Negative,0,0,0,0,0,0,0
"ржЖржЧрзЗ ржерзЗржХрзЗржЗ ржЯрж┐ржХрж┐ржЯ ржХрж╛ржЯрждрзЗ ржЪрж╛ржЗ, ржкрж░рзЗ ржпржжрж┐ ржЖржмрж╛рж░ ржЯрж┐ржХрж┐ржЯ ржирж╛ ржкрж╛ржЗред",Positive,0,0,0,0,0,0,0
ржЖрж▓рж╣рж╛ржоржжрзБрж▓рж┐рж▓рзНрж▓рж╛рж╣ ржЬрж╛рж╣рзЗржж ржнрж╛ржЗрзЯрзЗрж░ ржорзЗржЗржи ржЪрзЗрж╣рж╛рж░рж╛ ржЕржирзЗржХ ржжрж┐ржи ржкрж░ ржжрзЗржЦрж▓рж╛ржотЭдя╕ПЁЯе║,Positive,0,0,0,0,0,0,0
ржнрж╛ржЗ рждрзЛржорж╛рж░ рж╕рзЛржирж╛рж░ ржЪрж░ ржЫржмрж┐ржЯрж╛ ржжрзЗржЦрж╛ рж▓рж╛ржЧржмрзЛ,Neutral,0,0,0,0,0,0,0
ржЕржЗ рж╕рж╛рж▓рж╛рж░ ржкрзБржд ржЖржорж┐ рждрж░ ржлрзНржпрж╛ржи ржХрзЗржоржирзЗЁЯШЖрждрж░рзЗ ржорзЗрж╕рзЗржЬрзЗ ржЧрж╛рж▓рж┐ржЧрж╛рж▓рж╛ржЬ ржжрзЗржЗ ржжрзЗржЗржЦрж╛ ржлрзНржпрж╛ржиЁЯШВ,Negative,0,0,0,0,0,0,0
рждрзЛрж░рзЗ ржЪрзЛржжрзЗ ржХрзЗржбрж╛ ржЕрзНржпрж╛ЁЯЩДЁЯЩД,Negative,0,0,0,0,0,0,0
ржЖржкржирж╛рж░ ржЪрзЗрзЯрзЗ ржЖржорж┐ ржнрж╛рж▓рзЛ ржЫржмрж┐ ржмрж╛ржирж╛рждрзЗ ржкрж╛рж░ржмрзЛ,Negative,0,0,0,0,0,0,0
ржХрзБржорж┐рж░ржЧрзБрж▓рзЛрж░ ржЬржирзНржп ржЖржлрж╕рзЛрж╕! ржПржд ржХрж╛ржЫрзЗ ржкрзЗрзЯрзЗржУ ржЦрзЗрждрзЗ ржкрж╛рж░рж▓рзЛ ржирж╛.....,Negative,0,0,0,0,0,0,0
рждрзБржорж┐ ржЖрж╕ржмрзЗ ржирж╛ рждрзБржорж┐ ржЖрж╕рж▓рзЗ рж╕ржмрж╛ржЗ ржЖржиржирзНржж ржЪрж▓рзЗ ржпрж╛ржмрзЗ,Negative,0,0,0,0,0,0,0
ржЕржнрж┐ржирзЯ ржХрж░рждрзЗржЫрзЗ ржХрж╛ржБржжрж╛рж░ ржХрж┐ржирзНрждрзБ ржжрзЗржЦрзЗ ржоржирзЗ рж╣ржЪрзНржЫрзЗ рж╣рж╛рж╕рждрзЗржЫрзЗЁЯШД,Negative,0,0,0,0,0,0,0
ржЧрж╛ржЗрж▓рж╛рждрзЗ ржЧрж╛ржЗрж▓рж╛ржЗрждрзЗ рж╣рж╛рж▓рж╛рж░ ржЯржк ржлрзНржпрж╛ржи рж╣рзЯрзЗ ржЧрзЗрж▓рзБржо,Negative,0,0,0,0,0,0,0
"рж╣рж╛рж╕рж▓рзЗ рж╢рж░рж┐рж▓ ржоржи ржжрзБржЗржЯрж╛ржЗ ржнрж╛рж▓рзЛ ржерж╛ржХрзЗ
рждрж╛ржЗ рж╕ржмрж╛рж░ ржорзБржнрж┐ржЯрж╛ ржжрзЗржЦрж╛ ржЙржЪрж┐ржд",Negative,0,0,0,0,0,0,0
ржПрж░ ржХрж┐ рж▓ржЬрзНржЬрж╛ рж╢рж░ржо ржмрж▓рждрзЗ ржХрзЛржирзЛ ржЬрж┐ржирж┐рж╕ ржирзЗржЗ ржирж╛ржХрж┐?,Negative,0,0,0,0,0,0,0
"рж╕рзЛржирж╛рж░ ржмрзНржпрж╛ржВржХ ржПрж░ ржХржерж╛ ржоржирзЗ ржкрзЬрзЗ ржЧрзЗрж▓рзЛред ЁЯе╣
ржХрж┐'ржбржирж┐ ржирж╛ржЯржХрзЗрж░ред ЁЯШС",Negative,0,0,0,0,0,0,0
"ржЖржкржирж╛рж░ ржЫржмрж┐ ржпрж╛ржЗ ржжрзЗржЦржмрзЗ
рждрж╛ржХрзЗ ржирзЛржмрзЗрж▓ ржкрзБрж░рж╖рзНржХрж╛рж░ ржжрзЗржУржпрж╝рж╛ рж╣ржмрзЗЁЯМЭЁЯЩВ",Negative,0,0,0,0,0,0,0
"рж╣рж▓ ржорж╛рж▓рж┐ржХ ржИржжрзЗрж░ ржжрж┐ржи ржЖрждрзНржирж╣рждрзНржпрж╛ржУ ржХрж░рждрзЗ ржкрж╛рж░рзЗ ржЖржкржирж╛рж░ ржПржЗ ржорзБржнрж┐ ржирж┐рзЯрж╛,,,, ржХрж╛рж░ржи ржпржжрж┐ ржИржжрзЗрж░ ржжрж┐ржиржУ рзн ржЬржи ржжрж░рзНрж╢ржХ рж╣рзЯ",Negative,0,0,0,0,0,0,0
ржПржЗ ржЕржЦрж╛ржжрзНржп ржХрзЗржи ржЯрж╛ржХрж╛ ржжрж┐рзЯрзЗ ржЯрж┐ржХрзЗржЯ ржХрзЗржЯрзЗ ржжрзЗржЦржмрзЗ ?,Negative,0,0,0,0,0,0,0
"рж╢рзБржнржХрж╛ржоржирж╛ ржорзБржнрж┐ржЯрж╛ рж╣рж┐ржЯ рж╣ржмрзЗ, рзнрзз ржПрж░ рж░рзБржк ржирж┐рзЯрзЗ ржлрж┐рж░ржЫрзЗржи ржЬрж╛рзЯрзЗржж ржЦрж╛ржи",Positive,0,0,0,0,0,0,0
ржкрж░рж┐ржЪрж╛рж▓ржХрзЗрж░ рж╕ржм ржорзВрж▓ржзржи рж╢рзЗрж╖редрж▓рзЛржХрж╕рж╛ржи рждрзЛ рж╣ржмрзЗржЗ ржжрж░рзНрж╢ржХ ржХрзЗржЙ ржпрж╛ржмрзЗ ржирж╛ рж╣рж▓рзЗредржжрж░рзНрж╢ржХржмрзАрж╣рж┐ржи ржирж╛рзЯржХрзЗрж░ ржЫржмрж┐ ржирж╛ ржЪрж╛рж▓рж╛ржирзЛржЗ ржнрж╛рж▓,Negative,0,0,0,0,0,0,0
ржЖржкржирж╛ржХрзЗ ржЪрзЛрж░рзЗрж░ ржорждрзЛ рж▓рж╛ржЧрзЗ ржнрж╛ржЗЁЯЩВ,Negative,0,0,0,0,0,0,0
"ржЦрзБржм рж╕рзБржирзНржжрж░ рж╣ржЗржЫрзЗ ржЫржмрж┐ржЯрж┐ ржжрзЗржЦржЫрж┐ ржЕржирзЗржХ ржнрж╛рж▓рзЛ рж▓рж╛ржЧрж▓рзЛ,ЁЯЩДЁЯЩД",Positive,0,0,0,0,0,0,0
"рж╕рж╛рж▓рж╛рж░ ржкрзЛ*ржд ржжрзЗрж╢рзЗрж░ ржЕржмрж╕рзНржерж╛ ржнрж╛рж▓рзЛ ржирж╛рж╣

ржЖржмрж╛рж░ рждрж░ ржЬрж╛рж▓рж╛рзЯ ржерж╛ржХрждрзЗ ржкрж╛рж░рж┐ ржирж╛рж╣",Negative,0,0,0,0,0,0,0
ржПржЗ рж╕рж┐ржирзЗржорж╛ ржжрзЗржЦрждрзЗ ржжрзЗржЦрждрзЗ ржЖржорж┐ ржнрж┐ржирзНржиржЬржЧрждрзЗ ржЪрж▓рзЗ ржпрж╛ржмрзЛ,Neutral,0,0,0,0,0,0,0
ржЖржкржирж╛рж░ ржЫржмрж┐ ржжрзЗржЦрждрзЗ ржЧрж┐ржпрж╝рзЗ ржЫрзЛржЯ ржмрзЛржиржХрзЗ ржЪрж░ ржорж╛рж░ржЫрж┐ ржмрж╛ржХрж┐ржЯрж╛ ржЗрждрж┐рж╣рж╛рж╕ ЁЯЩВ,Negative,0,0,0,0,0,0,0
ржЫрж╛ржЧрж▓ ржжрж┐рзЯрж╛ ржпржжрж┐ ржЬржорж┐ ржЪрж╛рж╕ ржХрж░рж╛ ржпрж╛ржЗржд,Negative,0,0,0,0,0,0,0
"ржИржжрзЗрж░ ржжрж┐ржи ржарж┐ржХ ржПржнрж╛ржмрзЗржЗ ржХрж╛ржжрждрзЗ рж╣ржмрзЗ ржЖржкржирж╛ржХрзЗ 
ржХрж╛рж░ржг рж╣рж▓рзЗ рзо ржЬржирзЗрж░ ржмрзЗрж╢рж┐ рж▓рзЛржХ рж╣ржмрзЗржирж╛",Negative,0,0,0,0,0,0,0
ржЖржорж┐ ржЖрж╢рж╛ржмрж╛ржжрзА рж╣рж▓рзЗ ржПржХржжрж┐ржи рж╕рж┐ржирзЗржорж╛ ржЪрж╛рж▓рж╛ржирзЛрж░ ржкрж░рзЗ ржжрзНржмрж┐рждрзАрзЯ ржжрж┐ржи ржЖрж░ рж╣рж▓ ржорж╛рж▓рж┐ржХ ржПржЗ рж╕рж┐ржирзЗржорж╛ ржЪрж╛рж▓рж╛ржмрзЗ ржирж╛редржХрж╛рж░ржг ржорж╛рж▓рж┐ржХрзЗрж░ ржХрж╛рж░рзЗржирзНржЯ ржмрж┐рж▓ ржЙржаржмрзЗ ржирж╛ ржПржЗ рж╕рж┐ржирзЗржорж╛рзЯред,Negative,0,0,0,0,0,0,0
ржЬрж╛ржпрж╝рзЗржж ржЦрж╛ржиржХрзЗ рж╕ржмрж╛ржЗ ржмрж╛ржБржЪрж╛ржУ ржЖрж░ ржирж╛ рж╣рж▓рзЗржУ ржмрж╛ржБржЪржмрзЗ ржирж╛ рж╕ржмрж╛ржЗ ржЖрж╕рзЛ ржЬрж╛ржпрж╝рзЗржж ржЦрж╛ржи ржХрзЗ ржмрж╛ржБржЪрж╛ржУ рж╕ржмрж╛ржЗ ржирж╛ ржмрж╛ржБржЪрж╛рж▓рзЗ рж╣ржмрзЗ ржирж╛ рж╕ржмрж╛ржЗ ржмрж╛ржЪрзНржЪрж╛ржжрзЗрж░ рж╣ржмрзЗ рж╕ржмрж╛ржЗ ржЖрж╕рзЛ ржЖрж░ ржирж╛ рж╣рж▓рзЗ ржПржХ ржЦрж╛ржи ржорж╛рж░рж╛ ржпрж╛ржмрзЗ рж╕ржмрж╛ржЗ ржмрж╛ржБржЪрж╛ржУ ЁЯдгЁЯдгЁЯдг,Negative,0,0,0,0,0,0,0
рждрзЛрж░ ржПрж╕ржм ржмрж╛рж▓рзЗрж░ ржорзБржнрж┐ ржжрзЗржЦрзЗ ржХрзЛржи ржЖржмрж╛рж▓рзЗ?,Negative,0,0,0,0,0,0,0
"рж╕рж┐ржирзЗржорж╛ рж╣рж▓рзЗрж░ рж▓рзЛржХржжрзЗрж░ рж╕рж┐ржЧрж╛рж░рзЗржЯ ржПрж░ ржмрж┐рж▓ ржЙржаржмрзЗ ржХрж┐ ржирж╛ рж╕ржирзНржжрзЗрж╣ ЁЯШР
ржЯрзНрж░рзЗржЗрж▓рж╛рж░ ржжрзЗржЦрзЗ ржЖржорж┐ ржкрзБрж░рж╛ ржХрзЗржирзНржжрзЗ ржжрж┐рзЯрзЗржЫрж┐ЁЯШР",Negative,0,0,0,0,0,0,0
"рж╕рж╛ржзрж╛рж░ржг ржорж╛ржирзБрж╖рзЗрж░ ржмрж╕рзЗ ржХрж╛ржЬ ржХрж░рзНржо ржирж╛ржЗ,ржЖржкржирж╛рж░ ржЫржмрж┐ ржжрзЗржЦрждрзЗ рж╕рж┐ржирзЗржорж╛ рж╣рж▓рзЗ ржпрж╛ржмрж┐ржирзАЁЯШДЁЯШД ржПрж╕ржм ржмрж╛...рж▓ ржЫрж╛рж▓ ржмрж╛ржж ржжрж┐рзЯрзЗ ржнрж╛рж▓рзЛ рж╣рзЯрзЗ ржпрж╛ржи,ржнрж╛рж▓рзЛ ржкржерзЗ ржлрж┐рж░рзЗ ржЖрж╕рзБржи,ржХржорзЗржирзНржЯ ржЯрж┐ рж╣рзЯрждрзЛ ржнрж╛рж▓рзЛ рж▓рж╛ржЧржмрзЗ ржирж╛редржХрж╛рж░ржг ржнрж╛рж▓рзЛ ржХржерж╛рж░ ржнрж╛ржд ржирж╛ржЗредредржЖрж▓рзНрж▓рж╛рж╣ ржЖржорж╛ржжрзЗрж░ рж╕ржмрж╛ржЗржХрзЗ рж╣рзЗржжрж╛рзЯрзЗржд ржжрж╛ржи ржХрж░рзБржи ржЖржорзАржи",Negative,0,0,0,0,0,0,0
"ржмрж╛рж╣рзН ржИржжрзЗ ржЙржкрж▓ржХрзНрж╖рзЗ рж╕рж┐ржирзЗржорж╛, ржПржЯрж╛ржЗ ржорзВрж▓ржд ржзрж░рзНржо ржирж┐ржпрж╝рзЗ ржмрзНржпржмрж╕рж╛, ржкрж╛ржмрж▓рж┐ржХ ржмрзБржЬрзЗржирж╛",Negative,0,0,0,0,0,0,0
"ржЖрж╢рж╛ржХрж░рж┐ ржмрзЗржжрзЗрж░ ржорзЗрзЯрзЗ ржЬрзЛрзОрж╕рзНржирж╛рж░ рж░рзЗржХрж░рзНржб рж╣рзБржоржХрж┐рж░ ржкрзЬржмрзЗЁЯШЬЁЯШЬ
рж╢рзБржн ржХрж╛ржоржирж╛ рж╕рж░рзНржмржХрж╛рж▓рзЗрж░ рж╢рзНрж░рзЗрж╖рзНржЯ ржирж╛рзЯржХ ЁЯШБЁЯШБ",Positive,0,0,0,0,0,0,0
ржПржЗ ржмрж╕рзНрждрзБрж╛ржкржЪрж╛ржБ рж╕рж┐ржирзЗржорж╛ ржЖрж░ ржмрж╕рзНрждрж╛ржкржЪрж╛ржБ ржЕржнрж┐ржирзЯ ржирж┐рзЯрзЗ ржХрзЗржи ржЖржЗрждрзЗржЫрзЛрж╕ ржПржЯрж╛ржЗрждрзЛ ржЬржиржЧржирзЗрж░ ржкрзНрж░рж╢рзНржи ржХрзЗ ржмрж▓ржЫрзЗ рждрж░рзЗ ред рждрж░ ржПржЗ ржмрж╕рзНрждрж╛ржкржЪрж╛ржБ ржЕржнрж┐ржирзЯ ржЖрж░ ржмрж╕рзНрждрж╛ ржкржЪрж╛ржБ ржорзБржнрж┐ ржирж┐рзЯрзЗ ржЖржЗрждрзЗ ржЬржиржЧржирзЗрж░ ржИржж ржПрж░ ржЖржиржирзНржж ржирж╕рзНржЯ ржХрж░рждрзЗ ред ржХрзЗржи ржЗржЙржЯрзБржм ржП ржкрж╛ржЧрж▓рж╛ржорж┐ ржЫрж╛ржЧрж▓рж╛ржорж┐ ржХрж░рзЗ ржЬржиржЧржирзЗрж░ ржХрж╛ржи ржЪрзЛржЦ ржорж╛ржерж╛ рж╕ржорзЯ ржирж╕рзНржЯ ржХрж░рзЗ ржХрж┐ рждрж░ рж╢ржЦ ржорж┐ржЯрзЗржирж╛ржЗред,Negative,0,0,0,0,0,0,0
ржПржЗ ржорзБржнрж┐ ржкрзБрж╕рзНржкрж╛ ржжрзНржпрж╛ рж░рзБрж▓рзЗрж░ рж░рзЗржХрж░рзНржб ржнрж╛ржВржмрзЗ ржоржирзЗ рж╣ржЪрзНржЫрзЗред,Positive,0,1,0,0,0,0,0
ржЖрж░рзЗ ржПржЗ рж╕рж╛рж▓рж╛рж░ ржШрж░рзЗ рж╕рж╛рж▓рж╛ржпрж╝ ржПржЗ ржнрж╛ржмрзЗ ржЫржмрж┐ ржЙржарж╛ржЗржЫрзЗ ржХрзЗржиЁЯЦХ,Negative,0,0,0,0,0,0,0
"ржмрзЗржЗрж▓рж┐ рж░рзЛржбрзЗ рзкрзй ржЬржи ржорж╛рж░рж╛ ржЧрзЗржЫрзЗ
ржЖрж░ ржЖржкржирж┐ ржЖржЫрзЗржи ржкрзЛрждрж╛рж░ ржЪрж░ ржорзБржнрж┐ ржирж┐рзЯрж╛",Negative,0,0,0,0,0,0,0
"рж╕рзЛржирж╛рж░ ржЪрж░ рж╕рж┐ржирзЗржорж╛ ржЬрж╛ржпрж╝рзЗржж ржЦрж╛ржирзЗрж░ ржкрзБ*ржЯ*ржХрж┐ ржжрж┐ржпрж╝рзЗ ржн*рж░рзЗ ржжрж┐ржм
ржмрж╛ржирзАрждрзЗ рж╢рж╛рж╣рж░рзБржЦ ржЦрж╛ржи ЁЯЩВ",Negative,0,0,0,0,0,0,0
"ржмрж╛ржВрж▓рж╛рж░ ржнрж╛ржЗржЬрж╛ржи"" ржирж╛ржорзНржмрж╛рж░ ржУрзЯрж╛ржи ржЬрж╛рзЯрзЗржж ржЦрж╛ржиред тЭдя╕ПтЬМя╕П",Positive,0,0,0,0,0,0,0
ржнрж╛ржЗ ржЖржорж╛рж░ рж╣рж┐рж░рзЛржжрзЗрж░ржУ рж╣рж┐рж░рзЛ ЁЯТЩЁЯТЩ,Positive,0,0,0,0,0,0,0
ржмрж┐рзЯрзЗрж░ ржкрж░ ржХрзЯржмрж╛рж░ ржЧрзЛрж╕рж▓ ржХрж░ржмрзЗржи?,Neutral,1,3,0,0,0,0,0
"рждрзЛржорж╛рж░ ржкрзЛрж╕рзНржЯрзЗ ржЖржорж┐ рж░рж┐рзЯрзЗржХрзНржЯ ржХрж░рзЗ
ржЖржорж╛рж░ ржорзВрж▓рзНржпржмрж╛ржи ржЗржЬрзНржЬржд ржирж╖рзНржЯ 
ржХрж░рждрзЗ ржЪрж╛ржЗ ржирж╛ЁЯШЕ",Negative,1,1,0,0,0,0,0
ржирж╛рзЯржХ ржЬрж╛ржжрзБ ржХрж╛ржиЁЯШБ,Negative,0,2,0,0,0,0,0
ржЕрж╕рж╛ржзрж╛рж░ржг ржПржХржЯрж┐ ржЫрзЗрж▓рзЗ,Positive,0,0,0,0,0,0,0
рж▓рж╛ржЬ рж▓ржЬрзНржЬрж╛рж╣рж┐ржи ржПржХржЯрж╛ ржорж╛ржирзБрж╖ рждрзБржЗ ржнрж╛ржЗ,Negative,1,1,0,0,0,0,0
ржорж┐рж╕рзНржЯрж╛рж░ ржЬрж╛рзЯрзЗржи ржЦтАНрзНржпрж╛ржи ржлрж░ржо ржмтАНрзНржпрж╛ржВрж▓рж╛ржжрзЗрж╢ ЁЯШВ,Neutral,0,1,0,0,0,0,0
ржЖржЪрзНржЫрж╛ ржПржЗ ржорзБрж╣рзВрж░рзНрждрзЗ ржмрж╛ржВрж▓рж╛ ржЪрж▓ржЪрзНржЪрж┐рждрзНрж░рзЗрж░ ржврж╛рж▓рж┐ржЙржб ржПрж░ рж╕рзЗрж░рж╛ ржирж╛ржпрж╝ржХ ржХрзЗ рж▓рж╛рзЯрзЗржХ ржбрж╛ржмрзНржмрж╛ ржЦрж╛ржи ржирж╛ржХрж┐ рж╣рж┐рж░рзЛ ржЖрж▓ржо? ЁЯШАЁЯША,Neutral,0,0,0,0,0,0,0
ржЖржкржирж╛ржХрзЗ ржЧрзБржирзНржбрж╛ рж▓рж╛ржЧрзЗ ржЬрж╛рзЯрзЗржж ржЦрж╛ржи,Negative,0,0,0,0,0,0,0
ржПржХ ржорж╛рждрзНрж░ ржирж╛рзЯржХ ржЬрж╛рзЯрзЗржж ржЦрж╛ржи ржпрж╛рж░ ржХрзЛржи ржнржХрзНржд ржирж╛ржЗ,Negative,0,0,0,0,0,0,0
ржПржЗ ржПржХржЯрж╛ ржЬрзНржпрж╛ржХрзЗржЯ ржЖрж░ ржХржд ржмржЫрж░ ржкрж░ржмрзЛ ржЖрж▓рзНрж▓рж╛рж╣ ржнрж╛рж▓рзЛ ржЬрж╛ржирзЗредредред,Neutral,0,0,0,0,0,0,0
"ржЬрж╛рзЯрзЗржж ржЦрж╛ржи, ржорж╛рж╣ржлрзБржЬ рж░рж╣ржорж╛ржи,рж╣рж┐рж░рзБ ржЖрж▓ржорзЗрж░ ржХрж╛ржЬрзЗрж░ ржЬржирзНржп рж╣рж╛ржЗржХрзЛрж░рзНржЯрзЗрж░ ржжрзГрж╖рзНржЯрж┐ ржЖржХрж░рзНрж╖ржг ржХрж░ржЫрж┐",Neutral,0,0,0,0,0,0,0
ржЬрж╛ржпрж╝рзЗржж ржЦрж╛ржирзЗрж░ ржЬрзАржмрж┐ржд ржЖрждрзНржорж╛рж░ ржорж╛ржЧржлрзЗрж░рж╛ржд ржХрж╛ржоржирж╛ ржХрж░ржЫрж┐,Negative,0,0,0,0,0,0,0
ржЬрж╛ржпрж╝рзЗржж ржЦрж╛ржи рж░рзЗ ржирж┐ржпрж╝рж╛ ржЖржорж╛рж░ рж╕ржирзНржзрзНржпрж╛ржпрж╝ рж╣рзЯ ржЬрж╛ржпрж╝рзЗржж ржЦрж╛ржи ржХрж┐ ржЖрж╕рж▓рзЗржЗ ржмрзЗржбрж┐ ржирж╛ ржмрзЗржбрж╛ ржорж╛ржирзБрж╖,Negative,0,0,0,0,0,0,0
ржкрж╛ржЧрж▓ ржЖрж╕ржЫрзЗ рж╕ржмрж╛ржЗ рж╕рж╛ржЗржбрзЗ ржпрж╛ржи,Negative,0,0,0,0,0,0,0
ржмржбрж┐рж░ рж╕рж╛ржерзЗ ржкрзЗржБрзЯрж╛ржЬ ржорж░рж┐ржЪ ржХрж╛ржЯрж╛ ржпрж╛рзЯржирж╛,Neutral,0,0,0,0,0,0,0
ржнрж╛ржЗ ржЖржкржирж╛рж░ ржмрзЬ ржлрзНржпрж╛ржи ржорзЛржГ рж╕рзБржоржи рж╣рж╛ржУрж▓рж╛ржжрж╛рж░.редржУрж░ ржжрж┐ржХрзЗ ржПржХржЯрзБ ржЦрзЗрзЯрж╛рж▓ рж░рж╛ржЦрж┐рзЯрзЗржи ржнрж╛ржЗред ржЖржкржирж╛рж░ ржкрж┐рзЯрж╛ржЬ ржХрж╛ржЯрж╛рж░ рж╕рзНржЯрж╛ржЗрж▓ржЯрж╛ ржЕржирзЗржХ рж╕рзБржирзНржжрж░ред рж▓рж╛ржн ржЗржЙ ржнрж╛ржЗ тЭдя╕ПтЭдя╕П,Positive,1,0,0,0,0,0,0
ржмрзБржЭрж╛ ржпрж╛ржЪрзНржЫрзЗ ржнрж╛ржЗ ржЕржирзЗржХ ржХрж╖рзНржЯ ржХрж░ржЫрзЗ,Neutral,0,0,0,0,0,0,0
ржнрж╛ржЗ ржХрж┐ ржЖрж╕рж▓рзЗржЗ ржкрзЗрзЯрж╛ржЬ ржХрж╛ржЯрждрзЗ ржкрж╛рж░рзЗржи ЁЯШОЁЯШО,Neutral,0,7,0,1,0,0,0
ржмржЙ ржирж╛ржЗ ржмрж▓рзЗ ржЖржЬ ржирж┐ржЬрзЗ ржХрж╖рзНржЯ ржХрж░рзЗ рж░рж╛ржирзНржирж╛ ржХрж░рзЗ рзирзк рж╕рж╛рж▓рзЗ ржмрж┐ржЧ ржПрж╕рзНржЯрж╛рж░ЁЯШЬ,Neutral,1,0,0,0,0,0,0
ржХрзЛржерж╛рзЯ ржЗржирзНржжрж╛рж░ржЧрж╛ржирзНржзрж┐ ржХрзЛржерж╛рзЯ ржХрж▓рж╛рж░ржЦрж╛ржирзНржжрж┐ЁЯШЙ,Negative,0,1,0,0,0,0,0
ржЪрзЛржЦрзЗ ржЬрж▓ ржЪрж▓рзЗ ржЖрж╕ржЫрзЗред ржЖржорж╛рж░ ржкрзНрж░рж┐ржпрж╝ ржирж╛ржпрж╝ржХ ржХржд ржХрж╖рзНржЯ ржХрж░рзЗред,Positive,0,0,0,0,0,0,0
рж╕рзЛржи ржХрзЗ рждрж╛ржорж╛ ржоржирзЗ ржХрж░рж▓рж╛ржоЁЯШЭЁЯШЭ,Neutral,1,0,0,0,0,0,0
"ржЫржмрж┐ ржпрж╛ржЗ рж╣рзЛржХ...
ржЬрж╛рзЯрзЗржж ржЦрж╛ржирзЗрж░ ржХржерж╛рж░ ржоржд 
ржХрзНржпрж╛ржкрж╢ржи ржУ рж╕рзЗржЗ рж╣рзЯрзЗржЫрзЗЁЯСН",Positive,0,0,0,0,0,0,0
"ржЕржирзЗржХ ржХрж┐ржЫрзБ ржЬрж╛ржирждрзЗ ржкрж╛рж░рж▓рж╛ржоред 
ржзржирзНржпржмрж╛ржж ржПржд рж╕рзБржирзНржжрж░ рж╢рж┐ржХрзНрж╖ржирзАрзЯ ржмрж┐рж╖рзЯ рждрзБрж▓рзЗ ржзрж░рж╛рж░ ржЬржирзНржп ЁЯШБЁЯШБ",Positive,0,0,0,0,0,0,0
"ржпржжрж┐ ржПржХржЯрзБ ржЕржнрж┐ржиржпрж╝ ржЬрж╛ржиржд, ржЕржирзЗржХ ржнрж╛рж▓рзЛ рж╣рждрзЛред ржжрзЗржЦрждрзЗ рж╢рзБржирждрзЗ рждрзЛ ржорж╛рж╢рж╛рж▓рзНрж▓рж╛рж╣ ржЕржирзЗржХ ржнрж╛рж▓рзЛ",Positive,0,0,0,0,0,0,0
ржЬрж╛ржпрж╝рзЗржж ржЦрж╛ржи ржерзЗржХрзЗ ЁЯШБЁЯШБ ржЬрж╛ржпрж╝рзЗржжрж╛ ржЦрж╛ржиржоЁЯШГЁЯШГ,Negative,0,1,0,0,0,0,0
"ржЪрж╛рж░рж┐ржжрж┐ржХрзЗ рж╢рзБржзрзБ ржЪрж░ ржЖрж░ ржЪрж░... 
ржПржжрж┐ржХрзЗ рж╕рж╛рж░рж╛ ржмрж┐рж╢рзНржм ржХрж╛ржБржкрж╛ржирзЛ ржмрж╛ржВрж▓рж╛рж░ ржХрж┐ржВ ржХрзНрж╖рзНржпрж╛ржд рж╕рзБржкрж╛рж░ рж╣рж┐рж░рзЛ ржЪрж┐рж░рзЛ ржжрж╛ржорзЬрж╛ ржЬржирж╛ржм ржЬрж╛рж╣рзЗржЯ ржЦрзНржпрж╛ржирзЗрж░ ржпрзЗ ржпрзМржмржирзЗ ржЪрж░ ржкрзЬрзЗ ржпрж╛ржЪрзНржЫрзЗ рж╕рзЗржжрж┐ржХрзЗ ржХрж╛рж░рзЛ ржиржЬрж░ ржирж╛ржЗ",Negative,0,0,0,0,0,0,0
ржпржжрж┐ ржерж╛ржХрж┐ ржмрзЗржЫрзЗ рж╕рзЛржирж╛рж░ ржЪрж░ ржжрзЗржЦржмрзЛ ржПржмрж╛рж░ ржврж╛ржХрж╛ ржЧрж┐рзЯрзЗ ржЬрж╛рзЯрзЗржж ржнрж╛ржЗ ЁЯТУЁЯТУЁЯТУ,Positive,1,0,0,0,0,0,0
"ржмрж╛ржВрж▓рж╛ ржЪрж▓ржЪрзНржЪрж┐рждрзНрж░рзЗрж░ ржЧрж░рзНржм, ржкрзНрж░рж┐рзЯ ржЕржнрж┐ржирзЗрждрж╛ ржЬрж╛рзЯрзЗржж ржЦрж╛ржи",Positive,1,1,0,0,0,0,1
рззрзжржЯрж╛ рж╕рж┐ржирзЗржорж╛ рж╣рж▓рзЗ ржУ ржмрзБржХрж┐ржВ ржирж┐ржмрзЗ ржирж╛,Negative,0,0,0,0,0,0,0
"ржЫржмрж┐ рждрзБрж▓рзЛ ржирж╛ржХрж┐ 
рж╕ржмржЬрж┐ ржХрж╛ржЯрзЛ?",Neutral,0,0,0,0,0,0,0
ржХрж╛ржорж▓рж╛ ржжрж┐ржЪрзНржЫрзЛ ржирж╛ржХрж┐ ржнрж╛рзЯрж╛?,Neutral,0,1,0,0,0,0,0
ржПржЗ рж╕ржм рж╕рзЛржирж╛ ржЯрзЛржирж╛ ржжрзЗржЦрж╛рж░ ржЯрж╛ржЗржо ржирж╛ржЗ,Negative,0,0,0,0,0,0,0
ржжрж░рзНрж╢ржХ ржнрж╛ржбрж╝рж╛ ржХрж░рзЗ ржирж┐рзЯрзЗ ржЧрж┐рзЯрзЗ рж╣рж▓ ржкрзБрж░рзНржи ржХрж░рзЗ ржлрзЗрж▓ржмрзЗржи!,Negative,1,0,0,0,0,0,0
ржПржЯрж╛ ржХрж┐ ржЫржмрж┐рж░ ржкрзНрж░ржЪрж╛рж░ ржХрж░рж▓ ржирж╛ржХрж┐ ржмрж╛рж╢ ржжрж┐рж▓рзЗрж╛ЁЯдФ,Negative,0,0,0,0,0,0,0
ржЬрж╛ржпрж╝рзЗржж ржЦрж╛ржи ржПржХржЯрж╛ ржЦрж╛ржБржЯрж┐ рж╕рзЛржирж╛ ЁЯе┤,Negative,0,1,0,0,0,0,0
"ржЖржкржирж╛рж░рж╛ ржХрж┐ржЫрзБ ржоржирзЗ ржХрж░ржмрзЗржи ржирж╛ред ржЖржорж╛рж░ ржХрж╛рж░ржирзЗржЗ ржУрж░ ржЖржЬ ржПржЗ ржЕржмрж╕рзНржерж╛редЁЯШЮ ржХрж╛рж░ржг рж╕рзЗржжрж┐ржи ржУ ржЖржорж╛рж░ ржХрж╛ржЫрзЗ ржЧрзНрж▓рзБржХрзЛржЬ ржЦрзЗрждрзЗ ржЪрзЗрзЯрзЗржЫрж┐рж▓,ржЖрж░ ржЖржорж┐ ржнрзБрж▓рзЗ ржЧрж╛ржЬрж╛ ржжрж┐рзЯрзЗржЫрж┐рж▓рж╛ржоредрждрж╛рж░ ржкрж░ ржерзЗржХрзЗ ржУ ржПржоржи ржкрзЛрж╕рзНржЯ ржХрж░рзЗржЗ ржпрж╛ржЪрзНржЫрзЗ",Negative,0,0,0,0,0,0,0
"рж╕рзНржпрж╛рж░ рж▓рж┐ржВржХржЯрж╛ ржЗржиржмржХрзНрж╕рзЗ ржжрж┐рзЯрзЗржи ржжрзЗржЦрзЗ ржирзЗржмрзЛред ржЖрж░ рж▓рж┐ржВржХ ржирж╛ ржерж╛ржХрж▓рзЗ ржЖржорж╛рж░ ржмрж╛рж╕рж╛ ржерзЗржХрзЗ ржЖржк ржбрж╛ржЙржи ржЯрзНрж░рж╛ржирзНрж╕ржкрзЛржЯ рж╕рзБржмрж┐ржзрж╛ рж╕рж╣ ржлрзБрж▓ ржлрзНржпрж╛ржорж┐рж▓рж┐ ржЯрж┐ржХрзЗржЯ ржкрж╛ржарж╛рж▓рзЗ ржпрж╛ржм, ржХржерж╛ ржжрж┐рж▓рж╛ржоред ржмрж┐рж░рж┐рзЯрж╛ржирж┐рж░ ржЯрж╛ржХрж╛ ржЖржорж┐ ржирж┐ржЬрзЗ ржжрзЗржм, рждрж╛ржЫрж╛рзЬрж╛ ржЖржкржирж╛рж░ ржЙржкрж░ ржЪрж╛ржк рж╣рзЯрзЗ ржпрж╛ржмрзЗред",Neutral,0,1,0,0,0,0,0
рж╕ржмрж╛ржЗ ржпрзЗржнрж╛ржмрзЗ ржЯрзНрж░рж▓ ржХрж░рзЗ ржЖржорж╛рж░ ржоржирзЗ рж╣ржпрж╝ ржПржЗ рж╕рж┐ржирзЗржорж╛ржЯрж╛ ржнрж╛рж▓рзЛ рж╣ржмрзЗ,Neutral,0,1,0,0,0,0,0
ржЖржорж╛ржХрзЗ ржПржХржЯрж╛ ржЯрж┐ржХрзЗржЯ ржжрзЗрзЯрж╛ ржпрж╛ржмрзЗред ржЖржкржирж╛рж░ ржорзБржнрж┐ржЯрж╛ ржжрзЗржЦрж╛рж░ ржЕржирзЗржХ ржЗржЪрзНржЫрж╛ ржмрж╛ржЯ ржЯрж┐ржХрзЗржЯ ржХрзЗржирж╛рж░ ржЯрж╛ржХрж╛ ржирж╛ржЗ,Neutral,1,1,0,0,0,0,0
рж╢рж╛ржжрзЗрж░ рж▓рж╛ржЙ ржмрж╛ржирж╛ржЗрж▓рзЗ ржЬрж╛рзЯрзЗржж рж░рзЗ ржмрзИрж░рж╛ржЧрзА,Neutral,1,1,0,0,0,0,0
рж▓ржХрзНрж╖рзНржп ржирж╛рж░рзАрж░ ржХрзНрж░рж╛рж╢ ржПржЦржи рж░рж╛ржирзНржирж╛ ржХрж░ржЫрж┐,Neutral,1,0,0,0,0,0,0
рж╕рждрзНржпрж┐ ржХржерж╛ ржмрж▓рждрзЗ ржХрж┐ ржЙржирж┐ ржЖржорж╛рж░ рж░рзЛржЧрзА ржХрж┐ржЫрзБржжрж┐ржи ржЖржЧрзЗ ржЖржорж╛рж░ ржХрж╛ржЫрзЗ ржЖрж╕ржЫрж┐рж▓ ржЖржорж┐ ржарж┐ржХржарж╛ржХржнрж╛ржмрзЗ ржУржирж╛рж░ ржЯрзНрж░рж┐ржЯржорзЗржирзНржЯ ржХрж░ржЫрж┐рж▓рж╛ржо ржХрж┐ржирзНрждрзБ ржарж┐ржХ рж╣ржУржпрж╝рж╛рж░ ржЖржЧрзЗржЗ ржЙржирж┐ ржкрж▓рж╛рждржХ ржЖржорж┐ ржЖржирзНрждрж░рж┐ржХржнрж╛ржмрзЗ ржжрзБржГржЦрж┐ржд ЁЯЩП,Negative,0,0,0,0,0,0,0
ржнржмрж┐рж╖рзНржпрзОржмрж╛ржирзАржГ рж╕рж┐ржирзЗржорж╛ рж╣ржмрзЗ рж╕рзБржкрж╛рж░ ржбрзБржкрж╛рж░ ржлрзНрж▓ржкред,Negative,0,0,0,0,0,0,0
рж╣рж▓ржорж╛рж▓рж┐ржХржжрзЗрж░ ржмрж┐ржжрзНржпрзБрзО ржмрж┐рж▓рзЗрж░ ржкрзЯрж╕рж╛ ржЙржарж▓рзЗ рж╣рзЯ...,Negative,0,0,0,0,0,0,0
ржЬрзЛржХрж╛рж░ ржЬрж╛ржпрж╝рзЗржж ЁЯШД,Negative,0,1,0,0,0,0,0
"ржпрзЗ ржкрж╛рж░рзЗ рж╕рзЗ рж░рж╛ржирзНржирж╛ ржУ ржкрж╛рж░рзЗ рж╕рж┐ржирж╛ржорж╛ ржУ ржХрж░рждрзЗ ржкрж╛рж░рзЗЁЯТЦ
рж╢рзБржн ржХрж╛ржоржирж╛ рж░ржЗрж▓рзЛ ржнрж╛ржЗ",Positive,0,0,0,0,0,0,0
"ржЧрзНрж░рж╛ржорзЗрж░ ржЫрзЗрж▓рзЗрж░рж╛ ржмрзБржЭрж┐ ржЧрж▓рж╛рзЯ, рж╣рж╛рждрзЗ ржПрждрзЛ ржмрзЬ ржмрзЬ рждрж╛ржмрж┐ржЬ рж▓рж╛ржЧрж╛рзЯ",Neutral,0,0,0,0,0,0,0
"ржПржЧрж┐ржпрж╝рзЗ ржпрж╛ржи ,, ржИржжрзЗ рж╕рж┐ржирзЗржорж╛ ржЯрж╛ ржжрзЗржЦржмрзЛ",Positive,1,0,0,0,0,0,0
"ржПржЗ ржкрзЛрж╕рзНржЯрзЗ ржЬрж╛рзЯрзЗржж ржЦрж╛ржи ржХрзЗ ржХрзЛржи рж▓рзЗржнрзЗрж▓рзЗрж░ ржмрж▓ржж ржмрж▓рж╛ рж╣ржЗржЫрзЗ рж╕рзЗ ржмрзБржЭрж▓рзЛ ржирж╛ ржЧрж╛ржзрж╛ 
ржПржЗржЯрж╛ ржЖржмрж╛рж░ рж╢рзЗрзЯрж╛рж░ ржХрж░ржЫрзЗ ЁЯШБ",Negative,1,0,0,0,0,0,0
рж╕рзЛржирж╛рж░ ржЦрж╛рж▓ ржЖрж╕ржмрзЗ ржХржмрзЗ? ржмрж▓рж▓рзЗржи ржирж╛ рждрзЛ ржЬрж╛ржпрж╝рзЗржж ржнрж╛ржЗ?,Negative,0,0,0,0,0,0,0
ржзрзБрж░рзБ ржорж┐ржпрж╝рж╛ рж╕ржоржпрж╝ ржирж╖рзНржЯ ржХрж░рзЗ ржЖржкржирж╛рж░ ржЫржмрж┐ ржХрзЗржирзЛ ржжрзЗржЦржмрзЛ ЁЯШВ,Negative,0,0,0,0,0,0,0
рждрзЛрж░ ржХрж┐ рж▓ржЬрзНржЬрж╛ржУ ржирж╛ржЗ ржПржЗ рж╣рж╛рж▓рж╛ ржкрж╛ржбрж╛,Negative,0,0,0,0,0,0,0
ржЖржкржирж┐ ржХрж┐ рж╣рж┐ржЬрж▓рж╛ ржирж╛ржХрж┐ ЁЯЩВЁЯТФ,Negative,0,0,0,0,0,0,0
ржПржЗ ржмрж╛рж▓рзЗрж░ ржЪрж░ ржжрзЗржЦрждрзЗ ржХрзЗржЙ ржЯрж╛ржХрж╛ ржЦрж░ржЪ ржХрж░рзЗ ржжрзЗржЦржмрзЗ ржирж╛ред ржлрзНрж░рзА ржжрж┐рж▓рзЗржУ ржирж╛,Negative,0,0,0,0,0,0,0
ржбрж┐ржЧржмрж╛ржЬрзА ржжрж┐рзЯрзЗ рждрж┐ржирж┐ ржпрзЗ ржУрзЯрзЗржЯрж▓рж╕ ржХрж░рзЗржЫрзЗржи рждрж╛ рж░рж┐-ржЧрзЗржЗржи ржХрж░рж╛ ржкрж╕рж┐ржмрж▓ рж╣ржмрзЗ ржмрж▓рзЗ ржоржирзЗ рж╣рзЯржирж╛ред,Neutral,0,0,0,0,0,0,0
"ржнрж╛ржЗ ржЖржкржирж╛рж░ ржирж╛ржХрж┐ рж╕ржжрж╕рзНржп ржкржж ржмрж╛рждрж┐рж▓ ржХрж░рж╛ рж╣ржпрж╝рзЗржЫрзЗ, 
рждрж╛рж╣рж▓рзЗ ржХрж┐ ржЪрж▓ржЪрзНржЪрж┐рждрзНрж░ рж╕ржорж┐рждрж┐ ржирж┐рж░рзНржмрж╛ржЪржирзЗ ржнрзЛржЯ ржжрж┐рждрзЗ ржкрж╛рж░ржмрзЗржи ржирж╛",Negative,0,0,0,0,0,0,0
"ржЖржкржирж╛рж░рж╛ ржЬрж╛ржпрж╝ржЧрж╛ржорждрзЛ ржнржЗрж░рж╛* ржжрж┐ржЫрзЗ, ржЖрж░ ржЖржкржирзЗ ржоржирзЗ ржХрж░ржЫрзЗржи ржЖржкржирж╛рж░ ржкрзНрж░рж╢ржВрж╕рж╛ ржХрж░ржЫрзЗ ЁЯлд",Negative,0,0,0,0,0,0,0
рждрзЛрж░ ржХрж┐ рж▓ржЬрзНржЬрж╛рж╢рж░ржо ржирзЗржЗ рж▓рзЛ ржмрзЗрж╣рж╛рзЯрж╛? ржХрзЛржи ржпрзЛржЧрзНржпрждрж╛рзЯ рж╕рж┐ржирзЗржорж╛рзЯ ржЕржнрж┐ржирзЯ ржХрж░рж┐рж╕? ржЪрзЗрж╣рзЗрж░рж╛ ржжрзЗржЦрж▓рзЗржЗ рждрзЛ ржмржорж┐ ржЖрж╕рзЗред ржУрзЯрж╛ржХ ржерзБ,Negative,0,0,0,0,0,0,0
ржПржЗ ржорзБржнрж┐рждрзЗ ржЬрж╛рж╣рж┐ржж ржЦрж╛ржи рждрж╛рж░ рж╕рж╛ржерзЗ рзирзлржЬржи ржорзЗрзЯрзЗ ржирж┐рзЯрзЗ рж╕рж┐ржирзЗржорж╛ рж╣рж▓рзЗ ржмрж╕рзЗ ржорзБржнрж┐ржЯрж╛ ржЙржкржнрзЛржЧ ржХрж░ржмрзЗ ржмрж▓рзЗ ржЬрж╛ржирж╛ ржЧрзЗржЫрзЗЁЯШЗ,Neutral,0,0,0,0,0,0,0
рж╕ржм ржЦрж╛ржирзЗрж░ ржорж╛ржЭржЦрж╛ржирзЗ ржЖржкржирж┐ ржЬрж╛ржпрж╝рзЗржж ржЦрж╛ржирзЗрж░ ржЫржмрж┐ ржорж┐рж╕ ржХрж░рж╛ ржХрж┐ ржЪрж▓рзЗ ржкрзНрж░рждрзНржпрзЗржХржЯрж╛ рж╕рж┐ржирзЗржорж╛ рж╣рж▓рзЗ ржлрж╛ржЯрж┐ржпрж╝рзЗ ржжрж░рзНрж╢ржХ ржкржбрж╝ржмрзЗ ржЬрж╛ржпрж╝рзЗржжрж╛ ржЖржкрзБрж░ ржЫржмрж┐ ржмрж▓рзЗ ржХржерж╛ ЁЯША,Positive,0,0,0,0,0,0,0
ржорж┐: ржЬрж╛рзЯрзЗржж ржЬ*ржЩрзНржЧ*рж▓рж┐ЁЯР╕,Neutral,1,0,0,0,0,0,0
ржорж╛рж╢рж╛ржЖрж▓рзНрж▓рж╛рж╣ ржЦрзБржм рж╕рзБржирзНржжрж░ рж▓рж╛ржЧржЫрзЗ ржкрзНрж░рж┐рзЯ ржнрж╛ржЗ тЭдя╕ПтЭдя╕ПтЭдя╕П,Positive,2,7,0,0,0,0,0
ржЖрж░ ржпрж╛ржЗ ржХрж░рзЗржи ржкрж▓рзНржЯрж┐ ржЫрж╛ржЗржбрж╝рзЗржи ржирж╛ ржжрж╛рж░рзБржи ржкрж▓рзНржЯрж┐ЁЯСН,Neutral,3,3,0,0,0,0,0
рж╣рж╛ржЬрж╛рж░рзЛ ржмрж┐рзЯрж╛рждрж╛ ржмрзЗржбрж┐рж░ ржХрзНрж░рж╛рж╢ ржЬрж╛рзЯрзЗржж ржнрж╛ржЗред,Neutral,4,3,0,0,0,0,0
ржЖржкржирж╛рж░рж╛ рж╢рзБржирж▓рзЗ ржЕржмрж╛ржХ рж╣ржмрзЗржи ржПржЯрж╛ ржЪрж░рж┐рждрзНрж░рзЗрж░ ржЬржирзНржп ЁЯШФЁЯШФ,Neutral,0,0,0,0,0,0,0
ржЬрзЛржХрж╛рж░ ржирж╛ржХрж┐ ржирж╛рзЯржХ ржЖржЬржУ ржмрзБржЭрждрзЗ ржкрж╛рж░рж▓рж╛ржо ржирж╛,Negative,0,0,0,0,0,0,0
рж╣рж╛рж╕рж┐ рждрзЛ ржирзЯ ржпрзЗржи ржлрзБржЯржирзНржд ржЧрзЛрж▓рж╛ржкЁЯШЖ @Zayed khan,Positive,0,0,0,0,0,0,0
рж╕рзБржкрж╛рж░рж╕рзНржЯрж╛рж░ ржЬрж╛рж╣рж┐ржж ржнрж╛ржЗ рж╕ржХрж▓рзЗрж░ ржХрж╛ржЫрзЗ ржлрж▓рзЛ ржЪрж╛ржЗ ржЬрж╛рж╣рж┐ржж ржнрж╛ржЗржХрзЗ ржпрж╛рж░рж╛ ржнрж╛рж▓ржмрж╛рж╕рзЗржи ржЕржмрж╢рзНржпржЗ ржЖржорж╛ржХрзЗ ржлрж▓рзЛ ржжрж┐ржмрзЗржи ржХрж╛рж░ржг ржЖржорж┐ ржЬрж╛рж╣рж┐ржж ржнрж╛ржЗржХрзЗ ржнрж╛рж▓рзЛржмрж╛рж╕рж┐,Positive,0,1,0,1,1,0,0
ржУржирж┐ ржПржХржорж╛рждрзНрж░ ржирж╛ржпрж╝ржХ ржпрзЗ рж╕рж┐ржирзЗржорж╛ ржерзЗржХрзЗ ржУ ржмрж╛рж╕рзНрждржмрзЗ ржЕржнрж┐ржиржпрж╝ ржХрж░рзЗржи ржмрзЗрж╢рзА ЁЯШБ,Neutral,0,0,0,0,0,0,0
ржкрзНрж░рж┐рзЯ ржирж╛рзЯржХ ржЖржкржирж╛рж░ рж╕рж╛ржерзЗ ржжрзЗржЦрж╛ ржХрж░рж╛рж░ ржЦрзБржм ржЗржЪрзНржЫрзЗ,Positive,1,2,0,0,0,0,0
"ржЬрж╛ржпрж╝рзЗржж ржЦрж╛ржи
ржлрзБржЯржлрзБржЯрзЗ рж╕рзБржирзНржжрж░
ржЬрж╛ржпрж╝рзЗржж ржЦрж╛ржи
ржлрзБржЯржлрзБржЯрзЗ рж╕рзБржирзНржжрж░",Positive,0,0,0,0,0,0,0
ржЖржкржирж┐ ржХрж┐ рж╢рж░рзАржл ржирж╛ржХрж┐ рж╢рж░рзАржлрж╛?,Negative,0,0,0,0,0,0,0
ржирж┐рж░рж╣ржЩрзНржХрж╛рж░ ржПржХржЬржи ржорж╛ржирзБрж╖ тЭдя╕ПтЭдя╕П,Positive,0,0,0,0,0,0,0
рж▓рзБржЪрзНржЪрж╛рж░ ржорзЗрж╕рж┐ржи ржЫрзЛржЯ,Negative,0,0,0,0,0,0,0
ржЪрж░рж┐рждрзНрж░рзЗрж░ ржкрзНрж░рзЯрзЛржЬржирзЗ ржЪрж░рж┐рждрзНрж░ ржирж╖рзНржЯ ржХрж░рзЗ ржлрзЗрж▓ржЫрзЗ рж╕рзБржЗржкрж╛рж░ рж╕рзНржЯрж╛рж░ ржЬрж╛рзЯрзЗржж ржЦрж╛ржиредред,Negative,0,0,0,1,0,0,0
ржкрзНрж░рзЗржорзЗ ржкрзЬрзЗ ржЧрзЗрж▓рж╛ржо ржорж┐рзЯрж╛ ржнрж╛ржЗ ЁЯе░,Positive,0,0,0,0,0,0,0
"ржЪрж░рж┐рждрзНрж░рзЗрж░ ржкрзНрж░рзЯрзЛржЬржирзЗ!
рждрж╛рж░ ржЬржирзНржп ржирж╛ржХрж┐ ржХржХрзНрж╕ржмрж╛ржЬрж╛рж░ ржЧрзЗржЫрзЛ",Neutral,0,0,0,1,0,0,0
ржХрзЗржУ ржХрж┐ ржЖржкржирж╛рж░рзЗ ржЪрж░рж┐рждрзНрж░рж╣рзАржи ржмрж▓ржЫрзЗ ржирж╛ржХрж┐ЁЯШТЁЯд╖тАНтЩВя╕П,Neutral,0,0,0,0,0,0,0
"Zayed Khan ржнрж╛ржЗ ржЖржорж╛ржжрзЗрж░ ржмрж░рж┐рж╢рж╛рж▓рзЗрж░ ржЧрж░рзНржм, тЭдя╕ПЁЯТЩЁЯТЫ",Positive,0,0,0,0,0,0,0
ржжрж╛ржжрж╛ ржжрж╛ржжрж┐рж░рзЗ ржЖржиржмрзЗржи ржХржЦржи,Neutral,0,0,0,0,0,0,0
ржЗржирж┐ ржПржХржЬржи ржкрж╛ржарж╛ ржПржмржВ рж╣рж┐рж░рзЛ ржЖрж▓ржорзЗрж░ ржмржВрж╢ржзрж░ ЁЯдг,Negative,0,0,0,0,0,0,0
ржмрзЗрж╢рзА ржмрзЗрж╢рзА ржбрж┐ржЧржмрж╛ржЬрж┐ ржЦрзЗрж▓рзЗ ржЪрж░рж┐рждрзНрж░ ржарж┐ржХ рж╣ржмрзЗ,Negative,0,0,0,0,0,0,0
ржирж╛рж░рзАржжрзЗрж░ ржжрзБрж░рзНржмрж▓рждрж╛ЁЯЩД,Positive,0,0,0,0,0,0,0
ржЖрж░рзЗ ржЖржкржирж╛рж░ ржЫржмрж┐ ржжрзЗржЦрзЗ ржХрзЛржи ржнрзЛржжрж╛ржЗ ржПржЯрж╛ржЗ ржЖржорж┐ ржЖржЬржУ ржмрзБржЭрж▓рж╛ржо ржирж╛ред ржЖржмрж╛рж░ ржХрж┐рж╕рзЗрж░ ржЪрж▓ржЪрзНржЪрж┐рждрзНрж░рзЗрж░ ржкрзНрж░рзЯрзЛржЬржирзЗред,Negative,0,0,0,0,0,0,0
ржорзЗрзЯрзЗ ржЧрзБрж▓рзЛ рждрзЛ ржкрж╛ржЧрж▓ рж╣рзЯрзЗ ржпрж╛ржмрзЗЁЯе░ЁЯе░,Positive,0,0,0,0,0,0,0
ржЬрж╛ржнрзЗржж рждрзЛржорж╛рж░ ржЪрж░рж┐рждрзНрж░ ржорзБрж░ржЧрж┐рж░ ржкрж╛рзЯржЦрж╛ржирж╛рж░ ржоржд ржкржмрж┐рждрзНрж░ред,Negative,0,0,0,0,0,0,0
"ржЪрж╢ржорж╛ ржХрзА ржПржХржЯрж╛ржЗ? 
рж╕рзНржкржирзНрж╕рж░ ржХрж░рзЗ ржирж╛ржЗ ржЖрж░ ржХрзЗржЙ?",Neutral,0,0,0,0,0,0,0
ржПржХ ржорж╛рждрзНрж░ ржирж╛рзЯржХ ржЬрж╛рзЯрзЗржж ржЦрж╛ржи ржпрж╛рж░ ржХрзЛржи ржнржХрзНржд ржирж╛ржЗ,Negative,1,3,0,1,0,0,0
"рждрзБржорж┐ ржпрзЗ ржЪрж░рж┐рждрзНрж░рж╣рзАржи, рждрж╛ ржЖржорж░рж╛ ржЬрж╛ржирж┐..!",Negative,0,0,0,0,0,0,0
ржПржЗ рждрзБржЗ рждрзЛ ржмрзЗржЯрж╛ рж▓рзБржЪрзНржЪрж╛ ржПрж╣ржирзЛ ржмрж┐рзЯрж╛ ржХрж░рзЛ ржирж╛ржЗ ржХрзЗрзЯрж╛ред,Negative,0,0,0,0,0,0,0
"ржнрж╛ржЗ ржЖржорж┐ ржХрж┐ржирзНрждрзБ рждрзЛржорж╛рж░ ржХрж╛ржЫрзЗ ржХрж┐ржЫрзБ ржирж╛ ред ржХрж┐ржирзНрждрзБ ржЖржорж╛рж░ рж╕рж╛ржерзЗ ржпржжрж┐ рж╣рж╛ржд ржорзЗрж▓рж╛ржУ рждрж╛рж╣рж▓рзЗ ржмрж╛ржВрж▓рж╛ржжрзЗрж╢рзЗрж░ ржирж╛рзЯржХрзЗрж░ рзй ржирж╛ржорзНржмрж╛рж░ ржирж╛ржо ржЯрж╛ ржЖржкржирж╛рж░ ржерж╛ржХржмрзЗред рзз ржорж╛ржирзНржирж╛ ржнрж╛ржЗ
рзи рж╕рж╛рж▓ржорж╛ржи рж╢рж╛рж╣
рзй ржирж╛ржорзНржмрж╛рж░ ржЖржкржирж┐ ред sms ta ржжрзЗржЦржмрзЗржи ржЧрзБрж░рзБрждрзНржм ржжрж┐рж▓рзЗ ржЖржкржирж╛рж░ рж▓рж╛ржнред",Positive,0,0,0,0,0,0,0
"""ржЖржорж╛рж░ ржмрзБржХрзЗрж░ ржкрж╛ржЯрж╛ рж╢ржХрзНржд 
ржЖржорж┐ ржЬрж╛рзЯрзЗржж ржЦрж╛ржирзЗрж░ ржнржХрзНрждред"" ЁЯЩВ",Positive,0,0,0,0,0,0,0
рж▓ржУ ржмрж╛ржВрж▓рж╛ржжрзЗрж╢ ржмрж╛рж╕рзА ржПржмрж╛рж░ ржЯрзЗрж▓рж╛ рж╕рж╛ржорж▓рж╛ржУ! ЁЯЩВ,Neutral,0,0,0,0,0,0,0
ржЖржорж╛рж░ ржирж╛ржирж╛ ржмрж╛рзЬрж┐рждрзЗ ржПржХржЯрж╛ ржЧрж░рзБрж░ ржмрж╛ржЫрзБрж░ рж╣рзЯ ржмржЫрж░ ржжрзБрзЯрзЗржХ ржЖржЧрзЗред ржирж╛ржо рж░рж╛ржЦрж╕рж┐рж▓рзЛ ржЬрж╛рзЯрзЗржж ржЦрж╛ржиред ржЧрж░рзБржЯрж╛ ржорж╛рж░рж╛ ржЧрзЗржЫрзЗ ЁЯШе,Negative,0,0,0,0,0,0,0
рждрж░ ржЖрж╕рж▓рзЗржЗ ржЪрж░рж┐рждрзНрж░ ржЦрж╛рж░рж╛ржк ЁЯШб,Negative,0,0,0,0,0,0,0
"ржХрж┐ рж╢рзБржирж┐ ржмржирзНржзрзБ? 
ржмрж┐рзЯрзЗ ржХрж░ржЫрзЛ ржирж╛ржХрж┐?",Neutral,0,0,0,0,0,0,0
рж╕рзБржирзНржжрж░ ржнрж╛рж▓рзЛржмрж╛рж╕рж╛ ржЕржнрж┐рж░рж╛ржо ржнрж╛ржЗржпрж╝рж╛,Positive,0,0,0,0,0,0,0
ржмржирзНржзрзБ ржХрж┐ржмрзНржпрзЗ ржЖржЫрзЛ ржХрзЛржи ржЦрзЛржБржЬ ржЦржмрж░ ржирж╛ржЗ ржХрж┐ржЫрзБ ржирж╛ржЗ ЁЯШТ,Neutral,1,0,0,0,0,0,0
ржорж┐рж╕рзНржЯрж╛ ржЬрж╛ржЗржпрж╝рзЗржж ржХрзНржпрж╛ржи ржлрзНрж░ржо ржмрзНржпрж╛ржВрж▓рж╛ржжрзЗрж╢ ЁЯШЕЁЯШЖЁЯШЖ,Neutral,0,0,0,0,0,0,0
ржнрж╛рж░рзНржЬрж┐ржи ржЖржЫрж┐ ржнрж╛ржм рждрзЛ ржерж╛ржХржмрзЗржЗ...ЁЯЩВ,Neutral,0,0,0,0,0,0,0
"ржПржЗ ржкрж░рзНржпржирзНржд ржпрж╛ ржХрж░рж▓рзЗржи ржкрзНрж░рзЯрзЛржЬржирзЗрж░ рждрзЛ ржХрж┐ржЫрзБржЗ ржжрзЗржЦрж┐ ржирж╛, рж╕ржмржЗ ржЕржкрзНрж░рзЯрзЛржЬржирзАрзЯред",Negative,0,0,0,0,0,0,0
ржЪрж░рж┐рждрзНрж░рзЗрж░ рж╕рж╛рж░рзНржЯрж┐ржлрж┐ржХрзЗржЯ ржирж┐рж▓рзЗ рждрзЛ рж╣ржпрж╝ ЁЯШЬЁЯдгЁЯдгЁЯдгЁЯдгЁЯдгЁЯШЬ,Neutral,1,0,0,1,0,0,0
ржорж╛рж╢рж╛ржЖрж▓рзНрж▓рж╛рж╣ ржЖржкржирж┐ ржжрзЗржЦрждрзЗ рж╢рзБржирждрзЗ ржЕржирзЗржХ ржнрж╛рж▓рзЛ ржирж╛ржжрзБрж╕ржирзБржжрзБрж╢ ржЪрзЗрж╣рж╛рж░рж╛ ржЖржкржирж╛ржХрзЗ ржжрзЗржЦрждрзЗ ржЕржирзЗржХ ржнрж╛рж▓рзЛ рж▓рж╛ржЧрзЗ ржкрзНрж░рж┐ржпрж╝ ржнрж╛ржЗ ЁЯе░ЁЯе░ЁЯе░,Positive,0,0,0,0,0,0,0
"ржмрж╣рзБржжрж┐ржи ржпрж╛ржмржд ржмрж╛ржЩрж╛рж▓рж┐ ржЪрзБржкржЪрж╛ржк ржЖржЫрзЗред ржХрж┐ржЫрзБ ржХрж░рзЗржи, ржПржЗ ржмрж╛ржЩрж╛рж▓рж┐рж░ ржЬржирзНржп",Positive,0,0,0,0,0,0,0
"ржнрж╛рж▓рзЛ ржоржирзЗрж░ ржорж╛ржирзБрж╖ ржкрзНрж░рж┐рзЯ ржХрж╛ржХрж╛тЭдя╕П
ржмрзЗржБржЪрзЗ ржерж╛ржХрзБржХ ржмрж╣рзБ ржмржЫрж░ тЭдя╕ПтЭдя╕П",Positive,0,0,0,1,0,0,0
ржЬрж╛ржпрж╝рзЗржж ржЦрж╛ржи рж╣ржЪрзНржЫрзЗ ржПржХржЬржи рж╕рж╛ржжрж╛рж╕рж┐ржзрж╛ рж╕рж░рж▓ ржоржирзЗрж░ ржорж╛ржирзБрж╖ рждрж╛рж░ ржнрж┐рждрж░рзЗ ржХрзЛржи ржкрзНржпрж╛ржБржЪржЧрзЛржЪ ржирзЗржЗ рж╕рзЗ рж╕ржмрж╕ржоржпрж╝ ржЙржЪрж┐ржд ржХржерж╛ ржмрж▓рзЗ ржерж╛ржХрзЗ рждрж╛ржЗ ржорж╛ржирзБрж╖рзЗрж░ ржХрж╛ржЫрзЗ рж╕рзЗ ржПржХржЬржи рж╣рж╛рж╕рж┐рж░ ржкрж╛рждрзНрж░ред ржЕржпрзЛржЧрзНржп ржмрзНржпржХрзНрждрж┐рж░рж╛ ржпрзЛржЧрзНржп ржмрзНржпржХрзНрждрж┐ржХрзЗ ржирж┐ржпрж╝рзЗ ржЖрж▓рзЛржЪржирж╛ ржХрж░рзЗ ржПржЯрж╛ржЗ рж╕рзНржмрж╛ржнрж╛ржмрж┐ржХ,Positive,0,0,0,0,0,0,0
ржЬрж╛рзЯрзЗржи ржХрзНржпрж╛ржи ржПрж░ ржЪрж░рж┐рждрзНрж░ ржлрзБрж▓рзЗрж░ ржоржд ржкржмрж┐рждрзНрж░ ЁЯдг,Neutral,0,0,0,0,0,0,0
ржЖржкржирзЗ ржмрж▓рзЗ ржмрж┐рзЯрзЗ ржХрж░ржЫрзЗржи ЁЯШБ,Neutral,0,2,0,0,0,0,0
ржЬрж╛рзЯрзЗржж ржнрж╛ржЗ ржирждрзБржи ржХрж┐ржЫрзБ ржжрзЗржЦрждрзЗ ржЪрж╛ржЗред,Neutral,0,0,0,0,0,0,0
ржЪрж░рж┐рждрзНрж░рзЗрж░ ржкрзНрж░рзЯрзЛржЬржирзЗ ржЬрж╛рзЯрзЗржж ржнрж╛ржЗ ржЖржЬржХрзЗ ржирж╖рзНржЯЁЯШ╢тАНЁЯМля╕П,Negative,0,0,0,0,0,0,0
"ржмржирзНржзрзБ ржЬрж╛рзЯрзЗржж, ржнрж╛рж▓рзЛ рж╣рзЯрзЗ ржпрж╛, ржХрж╛рж▓ржХрзЗ ржХрж▓ ржжрж┐рж╕ ржХржерж╛ ржЖржЫрзЗред ЁЯе▒",Negative,0,0,0,0,0,0,0
ржмржЪ ржЖржкржирж╛рж░ ржЪрж░рж┐ржП ржлрзБрж▓рзЗрж░ ржоржд ржкржмрж┐ржП ЁЯе╡,Neutral,0,2,0,0,0,0,0
ржирждрзБржи рж▓рзБржХрзЗ ржЕржирзЗржХ ржнрж╛рж▓рзЛ рж▓рж╛ржЧрж▓рзЛ,Positive,0,0,0,0,0,0,0
ржЪрж░рж┐рждрзНрж░рзЗрж░ ржкрзНрж░рзЯрзЛржЬржирзЗ ржирж┐ржЬ ржЪрж░рж┐рждрзНрж░ ржмрж┐рж▓рж┐ржиред ржЦрзБржБржЬрзЗ ржмрзЗрзЬрж╛рзЯ ржЪрж░рж┐рждрзНрж░ ржбрж┐ржЧржмрж╛ржЬрж┐ ржжрзЗрзЯ ржЕрж╢рж╛рж▓рзАржиред,Negative,0,0,0,0,0,0,0
"ржЕржирзЗржХрзЗ ржирж╛рзЯржХ ржЬрж╛рзЯрзЗржж ржЦрж╛ржиржХрзЗ ржирж┐рзЯрзЗ ржЯрзНрж░рж▓ ржХрж░рзЗ,ржмрж┐рж╖рзЯржЯрж┐ ржЖржорж╛рж░ ржЕржкржЫржирзНржжрзЗрж░ред ржПржХржЬржи ржирж╛рзЯржХ рж╣рж┐рж╕рж╛ржмрзЗ ржЬрж╛рзЯрзЗржж ржЦрж╛ржирзЗрж░ ржлрж┐ржЯржирзЗрж╕,рж╕рзНржорж╛рж░рзНржЯржирзЗрж╕ ржХрзЛржирзЛ ржЕржВрж╢рзЗ ржЗржирзНржбрж┐рзЯрж╛ржи ржирж╛рзЯржХржжрзЗрж░ ржЪрзЗрзЯрзЗржУ ржХржо ржирж╛редржПржХржЬржи ржирж╛рзЯржХ рж╕ржм ржзрж░ржирзЗрж░ ржЪрж░рж┐рждрзНрж░рзЗ ржЕржнрж┐ржирзЯ ржХрж░рждрзЗ рж╣рзЯ ржПржмржВ ржХрж░рзЗржУ ржерж╛ржХрзЗредржЗржирзНржбрж┐рзЯрж╛ржи ржирж╛рзЯржХрзЗрж░рж╛ ржнрж┐рж▓рзЗржи,ржХржорзЗржбрж┐рзЯрж╛ржи ржЪрж░рж┐рждрзНрж░рзЗ ржУ ржЕржнрж┐ржирзЯ ржХрж░рзЗ,ржЖржорж╛ржжрзЗрж░ ржжрзЗрж╢рзЗ ржоржирзЗ рж╣ржЪрзНржЫрзЗ ржПржЗ ржзрж░ржирзЗрж░ ржЪрж░рж┐рждрзНрж░рзЗ ржЕржнрж┐ржирзЯ ржХрж░рж▓рзЗ ржорж╛ржирзБрж╖ рждрж╛ ржирж┐рзЯрзЗ ржЯрзНрж░рж▓ ржХрж░рзЗредржЖрж▓рзЛржЪрж┐ржд-рж╕ржорж╛рж▓рзЛржЪрж┐ржд ржорж╛ржирзБрж╖рж░рж╛ ржорж╛ржирзБрж╖рзЗрж░ ржоржзрзНржпрзЗ ржмрзЗржБржЪрзЗ ржерж╛ржХрзЗредржЖрж░ ржпрж╛ржЗ ржмрж▓рж┐ ржЖржорж┐ ржЪрж╛ржЗрж▓рзЗржУ рждрзЛ ржЖржорж┐ ржЬрж╛рзЯрзЗржж ржЦрж╛ржи рж╣рждрзЗ ржкрж╛рж░ржмрзЛржирж╛,рж╕рзЗржЗ ржпрзЛржЧрзНржпрждрж╛ ржЖржорж╛рж░ рж╣ржмрзЗржирж╛,ржЖржорж┐ рждрж╛ржХрзЗ ржирж┐рзЯрзЗ ржЯрзНрж░рж▓ ржХрж░рж▓рзЗ,ржЖржорж╛рж░ ржоржирзБрж╖рзНржпрждрзНржмрзЗрж░ ржкрж╛ржЧрж▓рж╛ржорж┐ ржЫрж╛рзЬрж╛ ржХрж┐ржЫрзБржЗ ржирж╛редржЬрж╛рзЯрзЗржж ржЦрж╛ржирзЗрж░ ржбрж┐ржЧржмрж╛ржЬрж┐ ржнрж┐ржбрж┐ржУ ржпржЦржи ржнрж╛ржЗрж░рж╛рж▓ рж╣рж▓рзЛ,ржнрж┐ржбрж┐ржУржЯрж╛ ржжрзЗржЦрзЗ ржЖржорж┐ржУ рж╣рзЗржБрж╕рзЗ ржЫрж┐рж▓рж╛ржо,ржХрж┐ржирзНрждрзБ ржкрж░рзЗ ржнрзЗржмрзЗ ржжрзЗржЦрж▓рж╛ржо ржорж╛ржирзБрж╖ рждрж╛ ржЧрзНрж░рж╣ржи ржХрж░рзЗржЫрзЗредржпрж╛ржЗ рж╣рзЛржХ ржУржирж╛рж░ ржЪрж▓ржЪрж┐рждрзНрж░ ржпржжрж┐ржУ ржЖржорж╛рж░ рждрзЗржоржи ржмрзЗрж╢рж┐ ржжрзЗржЦрж╛ рж╣рзЯ ржирж╛ржЗ,рждрж╛рж░ ржкрж░рзЗржУ ржУржирж╛рж░ рж╕ржлрж▓рждрж╛ ржХрж╛ржоржирж╛ ржХрж░рж┐ ржУ ржУржирж╛рж░ рж╕рзБ-рж╕рзНржмрж╛рж╕рзНржерзНржп ржПржмржВ ржжрзАрж░рзНржШрж╛рзЯрзБ ржХрж╛ржоржирж╛ ржХрж░рж┐ред",Positive,0,0,0,0,0,0,0
ржбрж┐ржЧржмрж╛ржЬрж┐ ржирж╛рзЯржХ ржпрж╛рж░ ржирж╛ржЗ ржХрзЛржи ржЧрзБржи ЁЯдгЁЯдгЁЯдг,Negative,0,0,0,0,0,0,0
ржмрж╛ржВрж▓рж╛ржжрзЗрж╢рзЗрж░ ржПржХржорж╛рждрзНрж░ рж╕ржЪрзНржЪрж░рж┐рждрзНрж░ржмрж╛ржи ржирж╛рзЯржХ ржЬрж╛рзЯрзЗржж ржнрж╛ржЗтЭдя╕П,Positive,0,0,0,0,0,0,0
ржЪрж░рж┐рждрзНрж░рзЗрж░ ржкрзНрж░рзЯрзЛржЬржирзЗ ржмрж┐рзЯрзЗ ржХрж░рзЗржЫрж┐,Neutral,0,0,0,0,0,0,0
ржЪрж░рж┐рждрзНрж░рзЗрж░ ржкрзНрж░рзЯрзЛржЬржирзЗ ржЖржкржирж╛ржХрзЗ ржПржХржжрж┐ржи рж╕рж╛рж▓ржорж╛ржи ржЦрж╛ржи рж╣рждрзЗ рж╣ржмрзЗ ржмрж╕рзНредтЭгя╕П,Neutral,0,1,0,0,0,0,0
ржнрж╛рждрж┐ржЬрж╛ ржХрж┐ ржЪрж░рж┐рждрзНрж░ ржХрж░рждрзЗржЫрзЛ ржПржЗржмрж╛рж░? ржПржЗржмрж╛рж░ ржХрж┐ рж╕ржорзБржжрзНрж░рзЗ рждрж┐ржорж┐ ржерж╛ржХрж╛ рж╕рждрзНрждрзЗржУ рж╕ржоржжрзНрж░рзЗ ржирзЗржорзЗ рж╢рзБржЯрж┐ржВ ржХрж░рждрзЗржЫрзЛ ржирж╛ржХрж┐?ЁЯе┤,Neutral,0,0,0,0,0,0,0
ржЖржкржирж╛рж░рзЗ ржжрзЗржЦрж▓рзЗржЗ ржмрзЛржЭрж╛ ржпрж╛ржпрж╝ ржЖржкржирж┐ ржЙржЪрзНржЪ рж╢рж┐ржХрзНрж╖рж┐рждЁЯЩВ,Positive,0,0,0,0,0,0,0
ржЖржкржирж╛рж░рж╛ ржЖржЫрзЗржи ржЬржирзНржп ржПржЦржирзЛ ржорж╛ржирзБрж╖ рж╣рж▓рзЗ ржпрж╛рзЯред,Positive,0,0,0,0,0,0,0
ржЧрзБрж▓рж┐рж╕рзНрждрж╛ржирзЗрж░ рж╣рж┐рж░рзЛ ржЖржорж╛ржжрзЗрж░ ржЬрж╛ржмрзЗржж ржЦрж╛ржи,Negative,0,0,0,0,0,0,0
"ржпрзЗ ржкрзБрж░рзБрж╖ рж╣рж╛ржЬрж╛рж░ рж╣рж╛ржЬрж╛рж░ ржирж╛рж░рзАрж░ рж╕рж╛ржерзЗ ржШрж╖рж╛ржорж╛ржЬрж╛ ржХрж░рзЗ рж╕рзЗ ржкрзБрж░рзБрж╖рзЗрж░ ржорзБржЦрзЗ ржЪрж░рж┐рждрзНрж░рзЗрж░ ржХржерж╛ ржорж╛ржирж╛рзЯржирж╛ 
ржирж╛рж░рзА-ржкрзБрж░рзБрж╖рзЗрж░ ржЬржирзНржп ржПржХрж╛ржзрж┐ржХ ржорж╛ржирзБрж╖рзЗрж░ рж╕рж╛ржерзЗ ржШрж╖рж╛ржорж╛ржЬрж╛ ржХрж░рж╛ ржПржЯрж╛ ржХржЦржирзЛ ржорж╛ржирзБрж╖рзЗрж░ ржЪрж░рж┐рждрзНрж░ рж╣рждрзЗ ржкрж╛рж░рзЗ ржирж╛ ржПржЧрзБрж▓рзЛ ржЪрждрзБрж╖рзНржкржж ржЬрж╛ржирзЛржпрж╝рж╛рж░рзЗрж░ ржЧрзБржгред",Negative,0,0,0,0,0,0,0
ржХрж╛ржЧрзБ ржЖржирзНржирзЗрж░ ржХрж┐ ржХрзЛржи рж╣рж╛рзЯрж╛ рж▓ржЬрзНржЬрж╛ ржирж╛ржЗ ржирж┐!ржЖржирзНржирзЗ ржПржд ржмрзЗржХрзНржХрж▓ ржХрзНржпрж╛!,Negative,0,0,0,0,0,0,0
"ржЬрж╛рзЯрзЗржж ржЦрж╛ржи ржХрзЗ ржЖржорж┐ ржмрзНржпржХрзНрждрж┐ржЧржд ржнрж╛ржмрзЗ ржкржЫржирзНржж ржХрж░рж┐ ржирж╛,, ржХрж┐ржирзНрждрзБ рждрж╛рж░ ржмрж╛ржмрж╛ ржорж╛рзЯрзЗрж░ ржкрзНрж░рждрж┐ рждрж╛рж░ ржнрж╛рж▓рзЛржмрж╛рж╕рж╛ ржжрзЗржЦрзЗ, ржПржЗ ржмрж┐рж╖рзЯ ржП ржЬрж╛рзЯрзЗржж ржЦрж╛ржи ржХрзЗ ржнрж╛рж▓рзЛржЗ рж▓рж╛ржЧрзЗтШ║я╕П",Positive,0,0,0,0,0,0,0
ржнрж╛ржЗ ржмрж┐рзЯрзЗ ржХрж░рзЗржиред рждрж╛рж╣рж▓рзЗ рж▓рзЛржХрзЗ ржЖржкржирж╛ржХрзЗ ржПржд ржмрж╛ржЬрзЗ ржХржорзЗржирзНржЯ ржХрж░ржмрзЗ ржирж╛ред,Neutral,0,0,0,0,0,0,0
ржЕржирзЗржХржжрж┐ржи ржкрж░ ржЖржкржирж╛ржХрзЗ ржжрзЗржЦрж▓рж╛ржоред ржХрж┐ржЫрзБ ржХржерж╛ржмрж╛рж░рзНрждрж╛ ржмрж▓рждрзЗржи ржПржХржЯрзБ рж╣рж╛рж╕рждрж╛ржоред ржЕржирзЗржХржжрж┐ржи рж╣рж▓рзЛ рж╣рж╛рж╕рж┐ржирж╛ред,Negative,0,0,0,0,0,0,0
ржжрзБрж╢рзНржЪрж░рж┐рждрзНрж░ рж╣ржЗрждрзЗржУ ржжрзНржмрж┐ржзрж╛ ржмрзЛржз ржХрзЗржирзЛ ржХрж░рзЛ ржирж╛,Negative,0,0,0,0,0,0,0
ржЖржкржирж╛рж░ ржХржорзЗржирзНржЯрзЗ рж╣рж╛ рж╣рж╛ рж░рж┐рзЯрзЗржХрзНржЯ ржкрж░рж╛рж░ ржХрж╛рж░ржг ржЯрж╛ ржпрж╛ржирж╛ржмрзЗржи ЁЯЩГ,Neutral,0,0,0,0,0,0,0
ржЖржЧрзЗржЗ ржнрж╛ржмржЫрж┐рж▓рж╛ржо ржЖржкржирзЗрж░ ржЪрж░рж┐рждрзНрж░ ржмрзЗрж╢рж┐ ржнрж╛рж▓рзЛ ржирж╛ ржХрж╛ржХрж╛ЁЯР╕ЁЯР╕,Negative,0,1,0,0,0,0,0
ржЖржорж┐ ржПржХржорж╛рждрзНрж░ ржмрзНржпржХрзНрждрж┐ ржпрзЗ ржХрж┐ржирж╛ ржЖржЬржкрж░рзНржпржирзНржд ржЬрж╛рзЯрзЗржж ржЦрж╛ржирзЗрж░ ржХрзЛржи ржЫржмрж┐ ржжрзЗржЦрж┐ржирж┐,Neutral,0,0,0,0,0,0,0
рждрзБржорж┐ ржЖржмрж╛рж░ ржЪрж░рж┐рждрзНрж░рзЗрж░ ржкрзНрж░рзЯрзЛржЬржирзЗ ржЫржмрж┐ржУ рждрзЛрж▓рзЛ ржЖржЧрзЗ рждрзЛ ржЬрж╛ржирждрж╛ржо ржирж╛ЁЯдг,Neutral,0,0,0,0,0,0,0
ржХрж┐ ржЪрж░рж┐рждрзНрж░ ржЖржЫрзЗ рждрзЛржорж╛рж░ рждрзЛржорж╛рж░ ржЫржмрж┐ рждрзЛ ржжрзЗржЦрждрзЗ ржнрж╛рж▓рзЛ рж▓рж╛ржЧрзЗ ржирж╛,Negative,0,0,0,0,0,0,0
"ржПржоржирждрзЗржЗ рждрзЛ рж╣рж┐рж░рзЛ ржЖрж▓ржорзЗрж░ ржЪрж░рж┐рждрзНрж░рзЗ ржЖржЫрзЗржи,ржЖржмрж╛рж░ ржЪрж░рж┐рждрзНрж░рзЗрж░ ржХрж┐ ржжрж░ржХрж╛рж░ ЁЯШВЁЯдб",Negative,0,0,0,0,0,0,0
ржнрж╛ржЗ ржЧрзНрж░рж╛ржлрж┐ржХрж╕ ржПрж░ ржХрж╛ржЬ ржЯрж╛ ржЖржорж╛рж░рзЗ ржжрзЗржУрзЯрж╛ ржЙржЪрж┐ржд ржЫрж┐рж▓ред ржЖржкржирж╛рж░рзЗ ржЖрж░ржУ ржнрж╛рж▓рзЛ ржХрж░рзЗ ржлрзБржЯрж╛ржЗрзЯрж╛ рждрзБрж▓рж▓рж╛ржо рж╣ржЗрж▓рзЗ,Positive,1,0,0,0,0,0,0
"редржмрж╛рж╣! ржЕрж╕рж╛ржзрж╛рж░ржг post ржЖржкржирж╛рж░ ржЬржирзНржп ржерж╛ржХржЫрзЗ ржХрзЗржпрж╝рж╛ ржХрж╕ржорзЗржЯрж┐ржХрзЗрж░ рж╕рзМржЬржирзНржпрзЗ ржПржХржЯрж┐ ржорж╣рж╛ ржорзВрж▓рзНржпржмрж╛ржи ржЗржпрж╝рж╛ржмрж╛ ржорзЗрж╢рж┐ржи, ржкрж░рж┐ржмрзЗрж╢ ржмрж╛ржирзНржзржм ржЧрж╛ржЮрзНржЬрж╛рж░ ржЧрж╛ржЫ , ржЖржкржирж╛ржХрзЗ ржЬрж╛ржорж╛рж▓ржкрзБрж░рзЗрж░ ржбрж┐рж╕рж┐, ржлрзЗржирзАрж░ рж╕рж┐рж░рж╛ржЬржЙржжрзНржжрзМрж▓рж╛ , ржУрж╕рж┐ ржорзЛржпрж╝рж╛ржЬрзНржЬрзЗржо, ржЯрзЗржХржирж╛ржлрзЗрж░ ржУрж╕рж┐ ржкрзНрж░ржжрзАржк ржмрж╛ржмрзБ, ржмржбрж╝ржЧрзБржирж╛рж░ ржорж┐ржирзНржирж┐ , ржЯрзЗржирзНржбрж╛рж░ ржХрж┐ржВ ржЬрж┐ ржХрзЗ рж╢рж╛ржорзАржо, ржХрзНржпрж╛рж╕рж┐ржирзЛ ржЦрж╛рж▓рзЗржж ржУ рж╕ржорзНрж░рж╛ржЯ, ржПржоржкрж┐ рж╢рж╛ржорж╕рзБрж▓, рж╕рж╛ржирж╛ржЗ ржорж╛рж╣ржмрзБржм, рж░рж╛ржирзБ ржоржирзНржбрж▓, рж╣рж┐рж░рзЛ ржЖрж▓ржо, ржкрж░рзА ржоржирж┐ ржПржмржВ ржирж╛рж░рзА ржмрзНржпржмрж╕рж╛ржпрж╝рзА ржкрж╛ржкрзАржпрж╝рж╛ , ржкрзНрж░рждрж╛рж░ржХ рж╢рж╛рж╣рзЗржж, ржбржХрзНржЯрж░ рж╕рж╛ржмрж░рж┐ржирж╛ ржУ ржкрж╛ржкрж▓рзБ , ржЯрж╛ржХрж▓рж╛ ржорзБрж░рж╛ржж ржУ рж╕рзЗржлрзБржжрж╛рж░ ржкржХрзНрж╖ ржерзЗржХрзЗ ржЖржирзНрждрж░рж┐ржХ рж╢рзБржнрзЗржЪрзНржЫрж╛ ржУ ржЕржнрж┐ржиржирзНржжржи рж╕рж╣ рж╕рзНржмрж╛ржЧрждржоЁЯТР",Neutral,0,0,0,0,0,0,0
ржЖржкржирж┐ржЗ ржмрж╛ржВрж▓рж╛ржжрзЗрж╢рзЗ ржерж╛ржХрзЗржи ржЖржорж┐ржЗ ржмрж░ржВ ржкрж╛ржмржирж╛рзЯ ржЪрж▓рзЗ ржпрж╛ржЪрзНржЫрж┐,Negative,1,3,0,0,0,0,0
ржЕржкрзЗржХрзНрж╖рж╛ржпрж╝ ржЖржЫрж┐ рж▓рж┐ржЬрзЗржирзНржбтЭдя╕П,Positive,0,1,0,0,0,0,0
ржЖржЬ рж╕рж╛рж░рж╛ рж░рж╛ржд ржШрзБржо ржирж╛ ржЖрж╕рзБржХред ржХрж╛рж░ржг ржпржжрж┐ ржХрж╛рж▓ рждрзЛржорж╛рж░ ржПржХржЯрзБ ржжрзЗржЦрж╛ ржкрж╛ржЗред,Neutral,0,3,0,0,0,0,0
ржЖржорж░рж╛ ржШрзБржорж┐ржпрж╝рзЗ ржерж╛ржХрж▓рзЗ ржЯрж╛ржЩрзНржЧрж╛ржЗрж▓ рж╢рж╛рзЬрж┐рж░ ржорждрзЛ ржЖржорж╛ржжрзЗрж░ рж╕рзБржкрж╛рж░рж╕рзНржЯрж╛рж░ ржЬрж╛рзЯрзЗржж ржЦрж╛ржи ржХрзЗржУ ржЗржирзНржбрж┐рзЯрж╛ ржирж┐ржпрж╝рзЗ ржпрж╛ржмрзЗ ЁЯШнЁЯШн,Neutral,0,0,0,0,0,0,0
ржЖржЬржХрзЗ ржерзЗржХрзЗ ржЖрж░ ржлрзЗрж╕ржмрзБржХ ржЪрж╛рж▓рж╛ржмрзЛ ржирж╛ЁЯШР ржХрж╛рж░ржг ржЬрж╛рзЯрзЗржжрж╛ ржЖржкрзБрж░ ржЙржкрж░ ржХрзНрж░рж╛рж╢ ржЦрж╛ржЗрждрзЗ ржЦрж╛ржЗрждрзЗ ржлрзЗржмрзБ ржЪрж╛рж▓рж╛ржирзЛрж░ ржЗржЪрзНржЫрзЗржЯрж╛ржЗ ржЙржарзЗ ржЧрзЗрж▓ЁЯлжЁЯде,Neutral,3,0,0,0,0,0,0
ржЧрж░рж┐ржмрзЗрж░ ржЯржо ржХрзНрж░рзБржЬ ЁЯе░ЁЯе░,Neutral,3,1,0,0,0,0,0
ржмрж┐ржЪрж┐ ржУрзЯрж╛рж▓рж╛ ржЖржкрзБржжрзЗрж░ ржХрзНрж░рж╛рж╢ЁЯШБЁЯШБ,Negative,0,0,0,0,0,0,0
"ржЖржорж┐ ржЖржЧрзЗ ржерзЗржХрзЗ ржЪрж┐ржирждрж╛ржо
рж╕рж╛рж▓ржорж╛ржи ржЦрж╛ржирзЗрж░ ржмрзЬ ржнрж╛ржЗ ржорж┐ржГ ржЬрж╛рзЯрзЗржж ржЦрж╛ржи",Neutral,0,0,0,0,0,0,0
"ржмржирзНржзрзБ ржмржЩрзНржЧржмржирзНржзрзБ ржмрж┐ржЪрзЛ ржпрж╛ржЗрзЯрзЛредред 
рж╣рзЗржирзЛ ржЧрзЗ ржлрж░рзЗ ржПржХржЯрж╛ ржбрж┐ржЧржмрж╛ржЬрзА ржХрж╛рзЯрж╛ рж╕ржорзБржжрзНрж░ржд рж╣рж╛рждрж╛рж░ ржХрж╛ржЗржЯрзЛредред",Neutral,0,0,0,0,0,0,0
рж╕рж╛рж▓ржорж╛ржи ржЦрж╛ржи ржУ рждрзЛ ржлрзЗрж▓ ржорж╛рж░ржмрзЗ ржПржЗ рж▓рзБржХрзЗрж░ ржХрж╛ржЫрзЗ,Positive,0,0,0,0,0,0,0
рж╕рж╛рж▓ржорж╛ржи рж╢рж╛рж╣рж░ ржкржбрж╝рзЗ ржЖржорж╛рж░ ржкрзНрж░рж┐ржпрж╝ ржирж╛ржпрж╝ржХ ржЬрж╛ржпрж╝рзЗржж ржЦрж╛ржи тЭдя╕П,Positive,0,0,0,0,0,0,0
"ржХрж┐рж░рзЗ ржнрж╛ржЗ ржЬрж╛рж╣рзЗржж ржЦрж╛ржи 
ржЖржорж╛рж░ ржПржХржЯрж╛ ржбрж┐ржЧржмрж╛ржЬрж┐ ржжрзЗржЦржмрж╛ ЁЯдгЁЯдг",Neutral,0,0,0,0,0,0,0
"ржнрж╛ржЗ ржЖржорж┐ ржХржХрзНрж╕ржмрж╛ржЬрж╛рж░ ржП ржЖржЫрж┐,ржЖржкржирж┐ ржХрзЛржерж╛рзЯ ржПржЦржи? ржЖржкржирж╛рж░ рж╕рж╛ржерзЗ ржжрзЗржЦрж╛ ржХрж░рждрзЗ ржЪрж╛ржЗред",Positive,0,0,0,0,0,0,0
ржЙржирж┐ржЗ ржмрж╛ржВрж▓рж╛ржжрзЗрж╢рзЗрж░ ржПржХржорж╛ржП рж╕рзБржкрж╛рж░ ржЗрж╕рзНржЯрж╛рж░ ржпрж╛рж░ ржкрзЛрж╕рзНржЯрзЗ рззрзжрзжржЯрж╛ рж▓рж╛ржЗржХ ржПрж░ ржоржзрзНржпрзЗ рзпрзпржЯрж┐ рж╣рж╛рж╣рж╛ рж░рж┐рзЯрзЗржХрзНржЯ ржерж╛ржХрзЗЁЯдгЁЯдгЁЯдгЁЯдгЁЯдг,Negative,0,1,0,0,0,0,0
ржЖржорж╛ржжрзЗрж░ ржПржХ ржЬржи ржЬрж╛рж╣рзЗржж ржЦрж╛ржи ржЖржЫрзЗ тЭдя╕П,Positive,0,0,0,0,0,0,0
ржЬрж╛рзЯрзЗржж ржнрж╛ржЗ ржЖржкржирж╛ржХрзЗ ржЖржорж╛рж░ ржнрж╛рж▓рзЛ рж▓рж╛ржЧржЫрзЗ ржЖрж╕рзЗржи ржжрзЗржЦрж╛ ржХрж░рж┐ ржЪрж╛ ржкрж╛ржирж┐ ржЦрж╛ржЗ ржкрзНрж░рзЗржо рж╣рж▓рзЗ рж╣ржмрзЗ ржирж╛ рж╣рж▓рзЗ ржирж╛ЁЯШР,Positive,0,0,0,0,0,0,0
ржПрждрзЛ ржХрж░рзЗ ржмрж▓рж▓рж╛ржо ржЖржорж┐ ржПржЦрж╛ржирзЗржЗ ржЖржЫрж┐ ржЖрж╕рзЗржи ржжрзЗржЦрж╛ ржХрж░рж┐ ржЖржкржирж┐ ржЖржЗрж╕рж╛ ржПржЦрж╛ржирзЗ ржЯрзЗржХрзНрж╕рж┐ ржЪрж╛рж▓рж╛ржирзЛ рж╢рзБрж░рзБ ржХрж░ржЫрзЗржи ЁЯЩВ ржЖржкржирж╛рж░ ржкрж╛рж╢рзЗрж░ рж╣рзЛржЯрзЗрж▓ рж╕рж╛ржЗржоржирзЗ ржЖржЫрж┐ ржЖрж╕рзЗржи ржжрзЗржЦрж╛ ржХрж░рж┐ ЁЯШТЁЯШТ,Positive,0,0,0,0,0,0,0
"ржЖржорж╛рж░ рж╕рзНржмржкрзНржирзЗрж░ ржирж╛рзЯржХ ЁЯШН
ржЦрзБржБржЬрзЗржЫрж┐ рждрзЛржорж╛рзЯ рж░рж╛ржд ржмрж┐рж░рж╛рждрзЗ 
ржорзЗрж▓рзЗржирж┐ ржорзЗрж╕рзЗржЬ ржЗржиржмржХрзНрж╕рзЗ ЁЯе▓",Positive,0,0,0,0,0,0,0
"ржнрж╛ржЗ ржЬрж╛рзЯрзЗржж ржЦрж╛ржи ржПржХ рж╣рзЛржЯрзЗрж▓рзЗ ржЧрж┐рзЯрзЗ ржпржд ржкрж┐ржХ ржЙржарж╛ржЗрзЯрж╛ ржлрзЗржмрзБрждрзЗ ржжрж┐ржЫ, рждрждрзЛ ржкрж┐ржХ ржЖржорж┐ ржЖржорж╛рж░ ржмрж┐рзЯрзЗрждрзЗ ржУ рждрзБрж▓рж┐ржирж╛ржЗ",Neutral,0,0,0,0,0,0,0
рж░рж┐ржнрж┐ржЙ ржжрзЗржи ржнрж╛ржЗрзЯрж╛ рж╣рзЛржЯрзЗрж▓рзЗрж░? ржЪржЯрзНрж░ржЧрзНрж░рж╛ржо ржпрж╛ржмрзЛ ржУржЦрж╛ржи ржерзЗржХрзЗ ржХржХрзНрж╕ржмрж╛ржЬрж╛рж░ ржпрж╛ржмрзЛ ржпржжрж┐ ржнрж╛рж▓рзЛ рж╣рзЯ ржерж╛ржХржмрзЛ ЁЯдй,Positive,0,0,0,1,0,0,0
"ржнрж╛рзЯрж╛ ржЖржкржирж╛рж░ ржкрж╛рж╢рзЗрж░ рж╣рзЛржЯрзЗрж▓рзЗржЗ ржЖржЫрж┐, ржЪрж╛ржЗрж▓рзЗ ржжрзЗржЦрж╛ ржХрж░рждрзЗ ржкрж╛рж░рзЗржиредЁЯЩД",Neutral,1,0,0,0,0,0,0
ржПржЗрж░ржХржо ржЕрзНржпрж╛ржХрж╢ржи ржорзЛржб ржпржжрж┐ ржЫржмрж┐рж░ ржнрж┐рждрж░ ржерж╛ржХрждрзЛ рждрж╛рж╣рж▓рзЗ ржнрж╛рж▓рзЛ рж╣рждрзЛ,Neutral,0,0,0,0,0,0,0
ржЖржорзНржмрж╛ржирж┐рж░ ржЫрзЗрж▓рзЗрж░ ржмрж┐рзЯрзЗрждрзЗ рждрж┐ржи ржЦрж╛ржи ржерж╛ржХрж▓рзЗржУ ржЬрж╛рзЯрзЗржж ржЦрж╛ржиржХрзЗ ржжрж╛ржУрзЯрж╛ржд ржХрж░рзЗржирж┐ред ржПрж░ рждрзАржмрзНрж░ ржирж┐ржирзНржжрж╛ ржЬрж╛ржирж╛ржЗ ЁЯЩД,Neutral,0,0,0,0,0,0,0
Zayed Khann ржнрж╛ржЗ ржЖржкржирж╛рж░ рж░рж┐ржкрзНрж▓рж╛ржЗ ржЕржирзЗржХржжрж┐ржи ржзрж░рзЗ ржкрж╛ржЗржирж╛ред ржХрзЗржоржи ржЖржЫрзЗржи ржЖржкржирж┐? ржЖржорж╛рж░ ржорж╛ржорж╛ рж╕рзНржмрж░рж╛рж╖рзНржЯрзНрж░ржоржирзНрждрзНрж░рзАрж░ ржЫрзЗрж▓рзЗ ржЬрзНржпрзЛрждрж┐ ржорж╛ржорж╛рж░ ржмржирзНржзрзБред ржЖржкржирж╛рж░ ржоржд рж╕рзБржкрж╛рж░рж╕рзНржЯрж╛рж░ ржмрж╛ржВрж▓рж╛ржжрзЗрж╢рзЗ ржЖрж░рзЛ ржЖрж╕рзБржХ ржПржЗ ржХрж╛ржоржирж╛ ржХрж░рж┐ред Looking GoodЁЯТЦ,Positive,0,0,0,0,0,0,0
ржжрж┐ржи ржЬрждрзЛ ржЬрж╛рзЯ рждрждржЗ ржмрж╛рж▓рзЛ рж▓рж╛ржЧрзЗ рж╕рзБржкрж╛рж░ржорзНржпрж╛ржи,Positive,0,0,0,0,0,0,0
"рж▓рзЛржХрзЗ рждрж╛ржХрзЗ ржлрж▓рж╕ рж╣рж┐рж░рзЛ ржХрзЗржи ржмрж▓рзЗ ржЬрж╛ржирж┐ ржирж╛рж╣рж╣,,ржжрзЗржЦрждрзЗ рждрзЛ ржмрж▓рж┐ржЙржб ржлрзЗрж▓ЁЯШДЁЯШД",Positive,0,0,0,0,0,0,0
рж╢рж╛рж╣рж┐ржи ржПржорзНржмрзБрж▓рзЗржирзНрж╕ ржЯрж╛ ржмрзЗрж░ ржХрж░ ЁЯР╕,Neutral,1,1,0,0,0,0,0
ржП ржХрзЗржоржи ржмрзЗрзЯрж╛ржжржм ржорж╛ржирзБрж╖ ржорж╛ржирзБрж╖ржХрзЗ ржЬржирзНржоржжрж┐ржирзЗрж░ рж╢рзБржнрзЗржЪрзНржЫрж╛ ржЬрж╛ржирж╛ржирзЛ рж╣рзЯ ржЖрж░ рж╕рзЗржЦрж╛ржирзЗ рж╣рж╛рж╣рж╛ рж░рж┐рзЯрзЗржХрзНржЯ ржжрзЗрзЯред ржпрждрж╕ржм ржЦрж╛ржЬрж╛ржЦрзЛрж░,Negative,0,0,0,0,0,0,0
"ржЖржорзНржмрж╛ржирж┐ ржХрж▓ ржжрж┐ржЫрж┐рж▓рзЛ,, рж░рж┐рж╕рж┐ржн ржХрж░рждрзЗ ржкрж╛рж░рж┐ ржирж╛ржЗ
рждржмрзЗ рждрж╛рж░ ржЖржЧрзЗрж░ ржжрж┐ржи ржХржерж╛ рж╣рзЯрзЗржЫрзЗ ржЖржорзНржмрж╛ржирж┐ ржПрж░ рж╕рж╛ржерзЗ 
ржЬрж╛рзЯрзЗржж ржЦрж╛ржи ржХрзЗредржжрж╛ржУрзЯрж╛ржд ржирж╛ ржжрж┐рждрзЗ ржкрж╛рж░рж╛рзЯ рж╕рзЗ ржжрзБржГржЦ ржкрзНрж░ржХрж╛рж╢ ржХрж░рзЗржЫрзЗЁЯШБЁЯШБ",Neutral,0,0,0,0,0,0,0
"ржнрж╛ржЗ ржмрж┐рзЯрзЗ ржХрж░рзЗ ржЖржкржирж┐ ржирж╛ржХрж┐ рж╣рж╛ржирж┐ржорзБржирзЗ ржПржЗ ржорж╛рждрзНрж░ ржЧрзБржЧрж▓ ржерзЗржХрзЗ ржирж┐ржЙржЬ ржкрж╛ржЗрж▓рж╛ржо ,рж╣рж╛ржЪрж╛ ржирж┐ ЁЯШЕ",Neutral,0,0,0,0,0,0,0
"ржХрж┐ржЫрзБржжрж┐ржи ржкрж╛ржмржирж╛ ржерзЗржХрзЗ ржШрзБрж░рзЗ ржЖрж╕рзБржи ржмрзЬржнрж╛ржЗ, ржоржиржЯрж╛ ржлрзБрж░ржлрзБрж░рзЗ рж╣рзЯрзЗ ржпрж╛ржмрзЗ ЁЯдЧЁЯШЖ",Negative,0,0,0,0,0,0,0
"ржЖржЪрзНржЫрж╛ ржЬрж╛рзЯрзЗржж ржЦрж╛ржи ржХрж┐ (рждрзГрждрзАрзЯ рж▓рж┐ржЩрзНржЧрзЗрж░ )редредржирж╛ ржорж╛ржирзЗ ржжрзЗржЦрзЗ рждрзЛ рждрж╛ржЗ ржоржирзЗ рж╣рзЯ ЁЯШБ,,,ржХрж┐ржирзНрждрзБ ржЖржорж┐ рж╕ржарж┐ржХ рждрж╛ ржЬрж╛ржирж┐ржирж╛ ,,ржХрзЗржЙ ржЦрж╛рж░рж╛ржк ржнрж╛ржмрзЗ ржирзЗржмрзЗржи ржирж╛ ржкрзНрж▓рж┐ржЬЁЯШБ",Negative,0,0,0,0,0,0,0
"рж▓рзЛржХ рж▓ржЬрзНржЬрж╛рж░ ржнрзЯрзЗ ржмрж▓рждрзЗ ржкрж╛рж░рж┐ржирж╛, ржЖржорж┐ ржЖржкржирж╛рж░ ржмрж┐ржЧ ржлрзНржпрж╛ржи рж╖рзНржпрж╛рж░ ЁЯе╣",Positive,0,0,0,0,0,0,0
"ржмрзБржЭрж▓рж╛ржо ржирж╛ ржЖржЧрзЗ ржжрзЗржЦрждрж╛ржо рж╣рж┐рж░рзЛ ржЖрж▓ржорзЗрж░ ржкрзЛрж╕рзНржЯрзЗ рж╕ржмрж╛ржЗ рж╣рж╛ рж╣рж╛ ржжрзЗрзЯ
ржПржЦржи ржжрзЗржЦрж┐ ржЬрж╛рзЯрзЗржж ржЖрж▓ржо рж╣рж┐рж░рзЛрж░ ржкрзЛрж╕рзНржЯрзЗржУ ржжрзЗрзЯ",Negative,0,0,0,0,0,0,0
ржПржд рж╕рзБржирзНржжрж░ ржбрзНржпрж╛рж╕рж┐ржВ рж╣рж┐рж░рзЛ ржмрж╛ржВрж▓рж╛ржжрзЗрж╢ ржЖрж░ ржПржХржЯрж╛ржУ ржирж╛ржЗ,Positive,2,7,0,0,0,0,0
"ржнрж╛ржЗ ржзрж░рж▓рж╛ржо ржзрзИрж░рзНржпрзНржп ! 
ржХрж┐ржирзНрждрзБ ржПрждрзЛржмржбрж╝ ржжрзЗрж╣ ржирж┐рзЯрзЗ рж╣рзБрж░рж╛рж╣рзБрж░рж┐ ржХрж░рждрзЗ ржпрж╛ржЗрзЯрзЗржи ржирж╛ ржкрзНрж▓рж┐ржЬ ЁЯШл",Negative,0,0,0,0,0,0,0
"ржкрзЗржирзНржЯрзЗрж░ ржнрж┐рждрж░ ржорзЗрж╢рж┐ржи ржЧрж╛ржи
рж╕рзБржкрж╛рж░рж╕рзНржЯрж╛рж░ ржЬрж╛рзЯрзЗржж ржЦрж╛ржВ ЁЯШЖЁЯШЖ",Negative,0,9,0,0,0,0,0
ржХрзЗржи ржпрзЗ ржорж╛ржирзБрж╖ ржЬрж╛рж╣рзЗржж ржЦрж╛ржирзЗрж░ рж╕ржорж╛рж▓рзЛржЪржирж╛ ржХрж░рзЗ ржмрзБржЭрж┐ржирж╛ тЭдя╕ПтЭдя╕П,Positive,0,0,0,0,0,0,0
"ржнрж╛ржЗ ржЖржорж╛рж░ ЁЯлВ
ржПржлржбрж┐рж╕рж┐рж░ рж░рждрзНржи ржЬрж╛рзЯрзЗржж ржнрж╛ржЗ",Positive,3,0,0,0,0,0,0
>ржжрж░ржж ржП ржирж┐рж╢рзНржЪрзЯ ржЖржорж╛ржжрзЗрж░ ржЬрж╛рзЯрзЗржж ржЦрж╛ржи ржжрж╛ржжрж╛ ржПржХржЯрж╛ рж▓рж┐ржб рж░рзЛрж▓ ржП ржХрж╛ржЬ ржХрж░рждрзЗржЫрзЗтЭдя╕ПтАНЁЯФе,Positive,0,0,0,0,0,0,0
ржЖржорж┐ ржмрзБржпрж┐ржирж╛ ржпрж╛рзЯрзЗржж ржЦрж╛ржирзЗрж░ ржкрзЛрж╕рзНржЯрзЗ ржХрзЗржи ржПржд ЁЯШГ рж░рж┐рзЯрзЗржХрзНржЯ ржкрзЬрзЗ?,Neutral,0,0,0,0,0,0,0
"ржмрж╛ржВрж▓рж╛рж░ рж╕рж╛рж▓ржорж╛ржи ржЦрж╛ржи, ржЬрж╛рзЯрзЗржж ржЦрж╛ржи ржорж╛ржирзЗржЗ ржЪржоржХ ржерж╛ржХржмрзЗредтЭдя╕ПЁЯд▓тЬМя╕П",Positive,0,0,0,0,0,0,0
"рж▓ржЬрзНржЬрж╛рж╣рзАржи ржПржХржЯрж╛ ржорж╛ржирзБрж╖ ржЖржорж╛ржжрзЗрж░ ржЬрж╛рзЯрзЗржж ржнрж╛ржЗ, ржмрзЗрж╣рж╛рзЯрж╛ ржоржирзБ ржЬрзЯрзЗржж ржЦрж╛ржи",Negative,0,0,0,0,0,0,0
ржЖрж░ рж╕ржмрзБрж░ ржХрж░рждрзЗ ржкрж╛рж░ржЫрж┐ржирж╛ ржЬрж╛рзЯрзЗржж ржнрж╛ржЗ ржЖржорж╛ржжрзЗрж░ржХрзЗ рждрж╛рзЬрж╛рждрж╛рзЬрж┐ рж╕рзБржЦржмрж░ржЯрж╛ ржжрзНржпрж╛ржи!!,Neutral,0,0,0,0,0,0,0
"рж╕рзБржкрж╛рж░рж╣рж┐ржЯ ржХрж┐ржЫрзБ ржЖрж╕рждрзЗржЫрзЗ, рж╢рзБржнржХрж╛ржоржирж╛ рж░ржЗрж▓ЁЯШН",Positive,0,0,0,0,0,0,0
"ржЖржкржирж╛рж░ ржмрзЬ ржнржХрзНржд ржнрж╛ржЗ 
рждрж╛ржорж┐рж▓ ржирж╛рзЯржХрзЗрж░ ржорждржи рж▓рж╛ржЧрждрзЗржЫрзЗ ржнрж╛ржЗ",Positive,0,0,0,0,0,0,0
"ржлрзЗрж╕ржмрзБржХрзЗ ржпржжрж┐ ржПрж╕рзЗ
рждрзЛржорж╛рж░ ржорзБржЦ ржжрзЗржЦрж┐
рждрж╛рж╣рж▓рзЗржЗ ржЖржорж╛рж░ ржжрж┐ржи ржЦрж╛рж░рж╛ржк ржпрж╛рзЯ",Negative,0,0,0,0,0,0,0
ржЖржкржирж╛рж░ ржЪрзЗрж╣рж╛рж░рж╛ржпрж╝ ржПржХржЯрж╛ ржкрж░рж┐ржмрж░рзНрждржи ржжрзЗржЦрж╛ ржпрж╛ржЪрзНржЫрзЗ ЁЯШГ,Neutral,1,3,0,0,0,0,0
ржЬрж╛рзЯрзЗржж ржЦрж╛ржи ржЖржЧрзЗрж░ ржерзЗржХрзЗ ржЕржирзЗржХ рж╕рзБржирзНржжрж░ рж╣ржЗржЫрзЗ ЁЯСМЁЯСМЁЯлгЁЯлг,Positive,1,0,0,0,0,0,0
"ржЪрж▓рзЗржи ржжрзЗрж╢рзА ржнрж╛ржЗ ,, ржбрж┐ржЧржмрж╛ржЬрж┐ ржжрж┐рзЯрж╛ ржЖржкржирж╛рж░ ржЬржирзНржп ржПржХржЯрж╛ ржмржЙ ржирж┐рзЯрж╛ ржЖрж╕рж┐ЁЯШДЁЯШДЁЯШД",Neutral,0,0,0,0,0,0,0
ржмрж┐рж╢рзЗрж╖ ржЪржоржХ ржмрж▓рждрзЗ ржЖржкржирж╛рж░ ржбрж┐ржЧржмрж╛ржЬрж┐ ржерж╛ржХржмрзЗ ржПржиржЬржпрж╝ ржХрж░ржм ржбрж┐ржЧржмрж╛ржЬрж┐ ржжрж┐рж▓рзЗ,Neutral,0,1,0,0,0,0,0
ржЖржкржирж╛рж░рж╛ ржЪрж╢ржорж╛ржЯрж╛рж░ ржжрж╛ржо ржХржд ЁЯШОЁЯЩВ,Neutral,0,1,0,0,0,0,0
"ржлрж╛рж░рзНржоржЧрзЗржЯ ржорзЛрзЬрзЗ ржерж╛ржХржмрзЛ,, ржорзЗрж╕ржЬ ржжрж┐ржУ ржЬрж╛рзЯрзЗржж ржнрж╛ржЗ,, рж╣рзБржЯ ржХрж░рзЗ ржХрж▓ ржжрж┐ржУржирж╛ред",Neutral,0,0,0,0,0,0,0
ржнрж╛ржЗ ржЖржкржирж╛рж░ рж╕рж╛ржерзЗ ржжрзЗржЦрж╛ ржХрж░рждрзЗ рж╣рж▓рзЗ ржЯрж┐ржХрж┐ржЯ ржХрж╛ржЯрж╛ рж▓рж╛ржЧржмрзЗржирж╛ ЁЯШЖЁЯШЖЁЯШЖЁЯСН,Neutral,0,0,0,0,0,0,0
ржХржд ржЖрж╢рж╛ ржХрж░рж▓рж╛ржо ржЖржорзНржмрж╛ржирж┐рж░ ржмрж┐рзЯрзЗрждрзЗ ржЧрж┐рзЯрзЗ ржЖржкржирж┐ ржбрж┐ржЧржмрж╛ржЬрж┐ ржжрж┐ржмрзЗржи ржЖрж░ ржПржЦржи ржЖрж╕ржмрзЗржи ржирж╛ржХрж┐ ржЪрж┐рзЬрж┐рзЯрж╛ржЦрж╛ржирж╛рзЯ ржУрж╣ рж╕рж░рж┐ ржлрж┐ржЙржЪрж╛рж░ ржкрж╛рж░рзНржХрзЗ ЁЯЩВ,Negative,0,2,0,0,0,0,0
"ржмрж╕ ржЖржкржирж╛рж░ ржЫржмрж┐ ржЯрж╛,
ржжрзЗржЦрж╛рж░ ржЬржирзНржп ржЕржкрзЗржХрзНрж╖рж╛ ржХрж░рждрзЗржЫрж┐ред",Positive,1,0,0,0,0,0,0
рж╕ржорзЯрзЗрж░ ржЕржнрж╛ржмрзЗ ржжрзЗржЦрж╛ ржХрж░рждрзЗ ржкрж╛рж░рзЗржи ржирж╛ ржЖржкржирж┐? ржнрж╛ржЗ ржЖржкржирж╛рж░ ржмрзНржпрж╕рзНрждрждрж╛ржЯрж╛ ржХрж┐рж╕рзЗрж░ ржПржЯрж╛ ржЬрж╛ржирждрзЗ ржЪрж╛ржЗ ржЬрж╛рждрж┐ ЁЯШД,Neutral,2,0,0,0,0,0,0
ржмрж╕ ржЖржорж┐ рждрзЛ ржЖрж╕рждрзЗ ржкрж╛рж░ржмрзЛ ржирж╛ ржХрж╛рж░ржг ржЖржорж┐ ржПржЦржи рж╕рзМржжрж┐ ржЖрж░ржм ржЖржЫрж┐ ЁЯе░ЁЯе░,Neutral,0,0,0,0,0,0,0
ржмрж╛ржВрж▓рж╛ржжрзЗрж╢рзЗрж░ рж╕рзЗрж░рж╛ ржирж╛рзЯржХ ржЬрж╛рзЯрзЗржж ржЦрж╛ржитЬМя╕ПтШ║я╕П,Positive,1,0,0,0,0,0,0
ржнрж╛ржЗржпрж╝рж╛ ржРрждрж┐рж╣рж╛рж╕рж┐ржХ ржорзБржЬрж┐ржмржиржЧрж░ ржорзЗрж╣рзЗрж░ржкрзБрж░ ржЬрзЗрж▓рж╛ржпрж╝ ржЖрж╕рзЗржи,Neutral,0,0,0,0,0,0,0
ржнрж╛ржЗ ржЖржкржирж┐ ржПржХржжрж┐ржи ржЖржЧрзЗ ржмрж╛ ржкрж░рзЗ ржпрзЗрждрзЗ ржкрж╛рж░рзЗржи ржжрзЯрж╛ржХрж░рзЗ? ржЖржорж┐ ржЕржирзЗржХ ржХрж╖рзНржЯрзЗ рзп ржорж╛рж░рзНржЪ ржжрж┐ржиржЯрж╛ржЗ ржорзНржпрж╛ржирзЗржЬ ржХрж░ржЫрж┐ ржпржорзБржирж╛рзЯ ржпрж╛ржмрзЛ ржмрж▓рзЗ рждрж╛ ржЖржкржирзЗ ржЧрзЗрж▓рзЗ ржХрзЗржоржирзЗ ржпрж╛ржорзБ?,Negative,1,1,0,0,0,0,0
ржЬрж╛ржпрж╝рзЗржж ржЦрж╛ржи ржнрж┐ржбрж┐ржУ ржмрж╛ржирж╛рждрзЗ ржЧрзЗрж▓рзЗ рждрж╛рж░ рж╢рж░рзАрж░рзЗ ржПржд ржЪрзБрж▓ржХрж╛ржирж┐ ржЖрж╕рзЗ ржХрзЛржерж╛ржпрж╝ ржерзЗржХрзЗ ржШрж╛ржбрж╝ ржЪрзБрж▓ржХрж╛ржпрж╝ ржорж╛ржерж╛ ржЪрзБрж▓ржХрж╛ржпрж╝,Negative,0,0,0,0,0,0,0
ржЖржкржирж╛рж░ ржбрж┐ржЧржмрж╛ржЬрж┐ ржЯрж╛ ржорж┐рж╕ ржХрж░рж▓рж╛ржо ржЖржЗ ржорж┐рж╕ ржЗржЙ ржЬрж╛рзЯрзЗржж ржЦрж╛ржи,Positive,0,0,0,0,0,0,0
ржирж┐ржЬ ржмрж┐рж╢рзНржмржмрж┐ржжрзНржпрж╛рж▓рзЯ ржкрзНрж░рж╛ржЩрзНржЧржгрзЗ ржорж┐ржбрж┐рзЯрж╛рж░ ржкрзНрж░рж╛ржг тЭдя╕П,Positive,0,0,0,1,0,0,0
"рж╢рж┐рж▓рзНржкрзА рж╕ржорж┐рждрж┐рждрзЗ ржЬрж╛рж╣рзЗржж ржЦрж╛ржи-ржирж┐ржкрзБржи ржкрзНржпрж╛ржирзЗрж▓ ржирж┐рж░рзНржмрж╛ржЪрж┐ржд рж╣ржУржпрж╝рж╛рж░ ржкрж░ ржЪрж▓ржЪрзНржЪрж┐рждрзНрж░рзЗ ржЕржирзЗржХ ржкрж░рж┐ржмрж░рзНрждржи ржПрж╕рзЗржЫрзЗ, ржЕржирзЗржХ ржЙржирзНржиржд рж╣ржпрж╝рзЗржЫрзЗред

ржжрзЗрж╢рзЗ ржмрж┐ржЧ ржмрж╛ржЬрзЗржЯрзЗрж░ рж╕рж┐ржирзЗржорж╛ рж╣ржЪрзНржЫрзЗред ржЕржирзЗржХ рж╣рж▓ ржмрзГржжрзНржзрж┐ ржкрзЗржпрж╝рзЗржЫрзЗред рж▓рж╛ржЗржи ржмрзЗржБржзрзЗ ржжрж░рзНрж╢ржХ рж╕рж┐ржирзЗржорж╛ рж╣рж▓рзЗ ржпрж╛ржЪрзНржЫрзЗред ржЯрж┐ржХрж┐ржЯ ржирж╛ ржкрзЗржпрж╝рзЗ рж╣рж▓ ржнрж╛ржЩржЪрзБрж░ рж╣ржпрж╝рзЗржЫрзЗред ржкрзНрж░рж┐ржпрж╝рждржорж╛ ржжрж┐ржпрж╝рзЗ ржмрзЗржжрзЗрж░ ржорзЗржпрж╝рзЗ ржЬрзЛрж╕ржирж╛рж░ ржЖржпрж╝рзЗрж░ рж░рзЗржХрж░рзНржб ржнрзЗржЩрзЗ ржжрж┐ржпрж╝рзЗржЫрзЗ ред рж╢рж╛ржХрж┐ржм ржЦрж╛ржи ржкрзНржпрж╛ржи ржЗржирзНржбрж┐ржпрж╝рж╛ржи рж╕рж┐ржирзЗржорж╛ ржХрж░ржЫрзЗред рждрж╛рж░ рж╣рж╛рждрзЗ ржмрж┐ржЧ ржмрж┐ржЧ ржкрзНрж░ржЬрзЗржХрзНржЯ рж░ржпрж╝рзЗржЫрзЗред ржЖржорж░рж╛ ржПржХржЯрж╛ тАШрж╕рзБржЬржи ржорж╛ржЭрж┐тАЩ ржкрзЗржпрж╝рзЗржЫрж┐ред

ржПрж░ржХржо ржЖрж░рзЛ рж╣рж╛ржЬрж╛рж░ рж╣рж╛ржЬрж╛рж░ ржкрж░рж┐ржмрж░рзНрждржи ржПрж╕рзЗржЫрзЗред ржПрж░ рж╕ржмржХрж┐ржЫрзБрж░ ржЕржмржжрж╛ржи ржЬрж╛ржпрж╝рзЗржж ржЦрж╛ржи -ржирж┐ржкрзБржи ржкрзНржпрж╛ржирзЗрж▓рзЗрж░ред",Positive,0,0,0,0,0,0,0
ржЖржорж╛ржжрзЗрж░ ржкрж┐рж░рзЛржЬржкрзБрж░рзЗрж░ ржЧрж░рзНржм ЁЯТЮЁЯТЮ,Positive,0,1,0,0,0,0,0
тЭдя╕П ржнрж╛ржЗ ржПржЗ ржнрж╛рж▓ржмрж╛рж╕рж╛рж░ ржкрзНрж░рждрж┐ржжрж╛ржи ржжрж┐рждрзЗ ржкрж╛рж░ржмрзЗржи ржирж╛ред ржЕржирзЗржХ ржнрж╛рж▓ржмрж╛рж╕рж╛ ржЖржкржирж╛рж░ ржЬржирзНржп ЁЯЗ▓ЁЯЗ╛,Positive,0,0,0,0,0,0,0
рждрзБрж░рж╛ ржирж┐ржЬрзЗ ржХрзЗ рж╕рзЗрж▓рж┐ржмрзНрж░рзЗржЯрж┐ ржоржирзЗ ржХрж░рж┐рж╢ ржЖрж░ ржЖржорж░рж╛ ржкрж╛ржЧрж▓ ржоржирзЗ ржХрж░рж┐,Negative,0,0,0,0,0,0,0
ржЦрж╛ржи ржнрж╛ржЗржпрж╝рж╛ рждрзБржорж┐ ржирж┐ржЬрзЗржХрзЗ ржХрж┐ ржоржирзЗ ржХрж░ ржЗрж▓рж┐ржпрж╝рж╛рж╕ ржХрж╛ржЮрзНржЪржи рж╕рж╛рж╣рзЗржмрзЗрж░ ржирж╛ржорзЗ рж╢рзБржзрзБ ржмржжржирж╛ржо ржХрж░рзЗ ржпрж╛ржЪрзНржЫ рждрзЛржорж╛рж░ ржХржорзЗржирзНржЯ ржмржХрзНрж╕рзЗ ржЧрж┐ржпрж╝рзЗ ржжрзЗржЦрзЛ ржХрждржЬржи рждрзЛржорж╛рж░ ржирж╛ржорзЗ ржХржд ржХрж┐ржЫрзБ ржмрж▓ржЫрзЗ рждрзБржорж┐ ржпрж╛ржжрзЗрж░ ржпрж╛ржжрзЗрж░ ржХрж╛ржЫрзЗ ржнрж┐ржбрж┐ржУ ржЫрж╛ржбрж╝рзЛ рждрж╛ржжрзЗрж░ ржХржорзЗржирзНржЯ ржмржХрзНрж╕рзЗ ржЧрж┐ржпрж╝рзЗ ржжрзЗржЦрзЛ рждрзЛржорж╛ржХрзЗ ржХрж┐ ржмрж▓ржЫрзЗ рждрж╛рж░рж╛,Negative,0,0,0,0,0,0,0
ржЖржорж╛рж░ ржХрж┐ржЫрзБ ржмрж▓рж╛рж░ ржирзЗржЗ ржПржд ржнрж╛рж▓рзЛ ржорж╛ржирзБрж╖ржЯрж┐ржХрзЗ рж╢рж┐рж▓рзНржкрзА рж╕ржорж┐рждрж┐рж░ рж╕ржжрж╕рзНржпржкржж ржмрж╛рждрж┐рж▓ ржХрж░рж╛ рж╣рж▓рзЛ ржХрзЗржи ЁЯШБЁЯШБЁЯШБЁЯШБ,Neutral,0,0,0,0,0,0,0
ржЬрж╛рзЯрзЗржж ржнрж╛ржЗрзЯрзЗрж░ ржЬржирзНржп рж╢рзБржнржХрж╛ржоржирж╛ рж░ржЗрж▓рзЛред рж╕ржм рж╕ржоржпрж╝ ржкрж░рзЛржкржХрж╛рж░ ржХрж░рзЗржи ржорж╣рж╛ржи ржЖрж▓рзНрж▓рж╛рж╣ рждрж╛рж▓рж╛рж╣ ржПрж░ ржЙрждрзНрждржо ржкрзНрж░рждрж┐ржжрж╛ржи ржжрж┐ржмрзЗржи,Positive,1,0,0,2,0,0,0
ржЖрж╕рж▓рзЗржЗ ржЬрж╛рзЯрзЗржж ржнрж╛ржЗ ржЖржкржирж┐ ржПржХржЬржи ржнрж╛рж▓рзЛ ржоржирзЗрж░ ржорж╛ржирзБрж╖ ржПржХ рж╕ржоржпрж╝ ржЖржкржирж┐ ржмрж╛ржВрж▓рж╛ржжрзЗрж╢рзЗрж░ ржирж╛ржорзНржмрж╛рж░ ржУржпрж╝рж╛ржи рж╣рзЯрзЗ ржЙржаржмрзЗржи ржЗржирж╢рж╛ржЖрж▓рзНрж▓рж╛рж╣ ржжрзЛрзЯрж╛ рж░ржЗрж▓рзЛ,Positive,3,0,0,0,0,0,0
"ржЪрж▓ржЪрзНржЪрж┐рждрзНрж░рзЗрж░ ржПржХржЬржи рж╕рзБржпрзЛржЧрзНржп ржирзЗрждрж╛ ржЖржкржирж┐ред рж╢рж┐рж▓рзНржкрзАржжрзЗрж░ ржЬржирзНржп ржЖржкржирж╛рж░ ржпрзЗ рждрзНржпрж╛ржЧ рж╕рзЗржЯрж╛ рж╕рзНржмрзАржХрж╛рж░ ржХрж░рждрзЗржЗ рж╣ржмрзЗред
рждржмрзЗ ржПрж╕ржм ржХржмрж░рж╕рзНржерж╛ржи ржЬрж┐рзЯрж╛рж░ржд, рж▓рж╛рж╢ ржжрж╛ржлржи, рждрзНрж░рж╛ржг ржмрж┐рждрж░ржг ржПрж╕ржмрзЗрж░ ржЫржмрж┐ ржкрзЛрж╕рзНржЯ ржХрж░рж╛ржЯрж╛ ржмрзЗржорж╛ржирж╛ржиред ржПржЯрж╛ ржЖржкржирж╛рж░ ржЖржкржирж╛рж░ ржЬржирзНржп ржПржХржЯрж╛ ржорж╛ржирж╕рж┐ржХ рж░рзЛржЧ рж╣рзЯрзЗ ржЧрзЗржЫрзЗред ржПржЯрж╛ржЗ ржЖржкржирж╛рж░ ржорж╛ржЗржирж╛рж╕ ржкрзЯрзЗржирзНржЯред 
рж╢рзБржнржХрж╛ржоржирж╛ рж░ржЗрж▓рзЛ ржнрж╛ржЗ тЭдя╕П",Positive,1,0,0,0,0,0,0
ржнрж╛ржЗ ржЖржорж╛рж░ ржЪрзЛржЦрзЗ ржжрзЗржЦрж╛ ржЖржкржирж┐ ржПржХржЬржи ржкрзНрж░ржХрзГржд ржорж╛ржирзБрж╖ред ржЖржкржирж┐ рж╕ржмрж╛рж░ ржкрж╛рж╢рзЗ ржерж╛ржХрзЗржи рж╣рзЛржХ рж╕рзЗ ржорзГрждрзНржпрзБ ржмрж╛ ржЬрзАржмрж┐ржд ржПржмржВ рж╕ржмрж╛ржЗржХрзЗ ржЖржкржирж┐ ржоржирзЗ рж░рж╛ржЦрзЗржи рж╣рзЯрждрзЛ ржЕржирзЗржХрзЗржЗ ржЖржкржирж╛ржХрзЗ ржоржирзЗ рж░рж╛ржЦрзЗ ржирж╛ ржмрж╛ ржЖржкржирж╛ржХрзЗ ржирж┐рзЯрзЗ ржЯрзНрж░рж▓ ржХрж░рзЗред рж╕рзЗржХрзНрж░рзЗржЯрж╛рж░рж┐ рж╣ржУрзЯрж╛рж░ ржЖржЧрзЗ ржерзЗржХрзЗржЗ ржЖржкржирж┐ рж╕ржмрж╛рж░ ржкрж╛рж╢рзЗ ржерж╛ржХрзЗржи ржЖрж░ ржПржнрж╛ржмрзЗржЗ рж╕ржмрж╛рж░ ржкрж╛рж╢рзЗ ржирж┐ржЬрзЗржХрзЗ ржмрж┐рж▓рж┐рзЯрзЗ ржжрж┐ржмрзЗржи ржнрж╛рж▓рзЛржмрж╛рж╕рж╛ рж░ржЗрж▓рзЛ ржнрж╛ржЗ,Positive,1,0,0,0,0,0,0
рждрж░рзЗ ржирж╛рзЯржХ ржХрзЛржи ржкрж╛ржЧрж▓ ржЫрж╛ржЧрж▓рзЗ ржмрж╛ржирж╛ржЗржЫрзЗрж░рзЗ ржнрж╛ржЗ ржмрзЛржЭрж▓рж╛ржо ржирж╛ рждрж░рзЗ ржХрзЛржи ржжрж┐ржХ рждрж╛ржЗржХрж╛ ржирж╛рзЯржХ рж▓рж╛ржЧрзЗ ржмрж▓ржжрзЗржЦрж┐? рждрж░ рждрж╛ржЗржХрж╛рждрзЛ рж╣рж┐рж░рзЛ ржЖрж▓ржо ржУ ржЕржирзЗржХ ржнрж╛рж▓рзЛ ржЕржнрж┐ржирзЯ ржЬрж╛ржирзЗ ржоржирзЗ рж╣ржпрж╝редрждрж░рзЗ ржжрзЗржЦрждрзЗ ржЧрж░рзБ ржЪрзЛрж░рзЗрж░ ржорждрзЛ рж▓рж╛ржЧрзЗ ржоржирзЗ рж╣рзЯ ржХрж╛рж░рзЛ ржШрж░ рждрж╛ржЗржХрж╛ ржЧрж░рзБ ржирж╛ ржкрж╛ржЗржпрж╝рж╛ рждрж░ ржорждржи ржЫрж╛ржЧрж▓ ржЪрзЛрж░рж┐ ржХрж░рж┐рзЯрж╛ ржЖржЗржЪржЫредржЖрж░ рждрж░ ржорждрзЛ ржЧрж░рзБ ржЪрзБржжрж╛ ржЫрж╛ржЧрж▓ ржЪрзЛрж░рзЗрж░ ржирж╛ржо ржЦрж╛ржи ржХрзЛржи ржкрж╛ржЧрж▓рзЗ ржжрж┐ржЫрзЗ?рждрзЛржЗ ржЫрж╛ржЧрж▓рзЗрж░ ржирж╛ржо ржЬрж╛рж╣рзЗржж ржЦрж╛ржи ржирж╛ рж╣ржпрж╝рзЗ ржЬрж╛рж╣рзЗржж ржирж░рзНржжржорж╛рж░ ржЦрж╛рж▓ ржмрж╛ ржЬрж╛рж╣рзЗржж ржмрж╛рж▓ рж╣ржУржпрж╝рж╛ ржЙржЪрж┐рзО ржЬрж╛рж╣рзЗржж ржЦрж╛рж▓ ржмрж╛ ржЬрж╛рж╣рзЗржж ржмрж╛рж▓ рждрж░ ржоржд ржЫрж╛ржЧрж▓ ржЪрзЛрж░рзЗрж░ ржЪрзЗрж╣рж╛рж░рж╛рж░ ржЖрж░ рждрж░ ржЕржнрж┐ржиржпрж╝рзЗрж░ рж╕рж╛ржерзЗ ржЦрзБржм рж╕рзБржирзНржжрж░ ржорж╛ржирж╛рзЯ.,Negative,0,0,0,0,0,0,0
ржкрзГржерж┐ржмрзАрж░ рж╕ржмржЪрзЗрзЯрзЗ рж╕рзБржЦрзА ржорж╛ржирзБрж╖ ржЬрж╛ржмрзЗржж рж╣рж╛ржи ржХрж╛рж░ржи рж╣рзЗрж░ ржХрзЛржирзЛ рж▓ржЬрзНржЬрж╛ рж╕рж░ржо ржирж╛ржЗ ЁЯе┤,Negative,16,37,0,1,0,0,0
ржмржЩрзНржЧржмржирзНржзрзБ ржмрж┐ржЪрзЗ ржЖржкржирж╛рж░ рж╕рзЗржЗ ржпрзБржЧ рж╢рзНрж░рзЗрж╖рзНржа ржбрж┐ржоржмрж╛ржЬрж┐ ржерзБржХрзНржХрзБ ржбрж┐ржЧржмрж╛ржЬрж┐ ржжрзЗржЦрждрзЗ ржЪрж╛ржЗ ЁЯл╢,Neutral,0,27,0,0,0,0,0
ржирж┐ржГрж╢рзНржмрж╛рж╕ ржмржирзНржз ржХрж░рзЗ ржкрзЗржЯ ржХржорж╛ржирзЛрж░ ржЪрзЗрж╖рзНржЯрж╛ред рждрж╛ржУ ржнрзВржбрж╝рж┐ ржжрзЗржЦрж╛ ржпрж╛ржпрж╝ЁЯШЖ,Neutral,0,0,0,0,0,0,0
ржЖржорж╛ржжрзЗрж░ рж╕ржХрж▓рзЗрж░ ржкрзНрж░рж┐рзЯ ржЬрж╛рзЯрзЗржжрж╛ ржЦрж╛рждрзБржиЁЯШДржЖржЬ рж╕ржорзЯрзЗрж░ ржмрзНржпрж╛ржмржзрж╛ржирзЗ ржЬрж╛рзЯрзЗржж ржЦрж╛ржи рж╣рзЯрзЗржЫрзЗред,Negative,1,6,0,0,0,0,0
"рж╣рзЗрждрзЗ ржЗржЪрзНржЫрж╛ ржХржЗрж░рж╛ ржкрзЗржЯ ржЯрж╛ ржЪрж╛ржЗржкрж╛ ржзржЗрж░рж╛ рж░рж╛ржЦржЫрзЗ ржмрзБржЭрж╛ржЗ ржпрж╛рзЯ,ржнрж╛ржЗ ржирж░ржорж╛рж▓ рж╣ржи ржирзЯрждрзЛ рж╣рж╛ржЧрзБ ржЫрзЗржкрзЗ ржпрж╛ржмрзЗ",Negative,3,5,0,0,0,0,0
"рж╣рждрзЗ ржЪрзЗржпрж╝рзЗржЫрж┐рж▓ рж╕рж╛рж▓ржорж╛ржи ржЦрж╛ржи,рж╣ржпрж╝рзЗ ржЧрзЗржЫрзЗ рж╕рж╛ржирж┐рж▓рж┐ржУ ржорж╛ржиржЦрж╛ржиЁЯе┤ЁЯе┤",Negative,1,1,0,0,0,0,0
ржПржЗ ржмржЫрж░ ржЧрж░рзБрж░ рж╣рж╛ржБржЯрзЗ ржжрж╛ржорзЬрж╛ ржЧрж░рзБ рждрзБрж▓ржмредржарж┐ржХ ржнрж╛ржЗ ржПрж░ ржорждред,Negative,1,13,0,0,0,0,0
ржерж▓ ржерж▓рж╛ ржмржбрж┐ред ржнрж╛рж▓рзЛржЗ ржирж╛ржжрзБрж╕ржирзБржжрзБрж╕ рж╣ржпрж╝рзЗржЫрзЗржи Zayed Khan,Neutral,0,0,0,0,0,0,0
"ржнрж╛ржЗ ржПржоржи ржмржбрж┐ ржмрж╛ржирж╛рждрзЗ ржЪрж╛ржЗред
ржЦрж╛ржжрзНржп рж░рзБржЯрж┐ржи ржЯрж╛ ржпржжрж┐ ржмрж▓рждрзЗржиред",Positive,0,0,0,0,0,0,0
ржЧрзНрж░рж╛ржорзЗрж░ ржЪрж╛ржЪрждрзЛ ржнрж╛ржЗ ржпржЦржи ржкрзНрж░ржержо ржХржХрзНрж╕ржмрж╛ржЬрж╛рж░рзЗ ржЧрж┐рзЯрзЗ рж╕рзБржЗржорж┐ржВ ржкрзБрж▓рзЗ ржирж╛ржорзЗ ЁЯШДЁЯШБ,Neutral,0,0,0,0,0,0,0
ржпрж╛ржУрзЯрж╛рж░ рж╕ржорзЯ ржжрзЗржЦрж▓рж╛ржо ржжрзБржЬржирж╛ рж░рж┐рж╕рзЛрж░рзНржЯ ржП ржПржХрж╛...ржмрж┐рж╖рзЯ ржХрж┐?рждрж╛ржЗрж▓рзЗ ржХрж┐ рж╣рзЗрждрж┐ржУ ржЬрзЗржирзЗ ржЧрзЗрж▓ ржнрж╛рждрж┐ржЬрж╛ ржпрзЗ ржмрзЗржбрж┐ЁЯШВ,Negative,0,0,0,0,0,0,0
"ржкрзЗржЯ ржЪрж┐ржкрж╛рзЯ рж░рж╛ржЦржЫрзЗ ржЫржмрж┐ рждрзЛрж▓рж╛рж░ ржЬржирзНржп, ржнрж╛ржмржЫрзЗ ржХрзЗржЙ ржмрзБржЭржмрзЗржирж╛ ЁЯджтАНтЩВя╕П",Negative,0,5,0,0,0,0,0
ржнрж╛ржЗ ржлрж┐ржЯржирзЗрж╕ ржЖрж░рзЗржХржЯрзБ ржмрж╛рзЬрж╛рждрзЗ рж╣ржмрзЗред ржЬрж┐ржорзЗ ржЖрж░рзЗржХржЯрзБ ржмрзЗрж╢рж┐ рж╕ржорзЯ ржжрзЗржиред,Positive,0,0,0,0,0,0,0
"ржХрж┐рж╕рзЗрж░ рж╕рж╛рж▓ржорж╛ржи ржЦрж╛ржи ржЖрж░ ржХрж┐рж╕рзЗрж░ рж╢рж╛рж╣рж░рзБржЦ ржЦрж╛ржи,,,, ржЖржорж╛ржжрзЗрж░ ржмржбрж┐ ржмрж┐рж▓рзНржбрж╛рж░ ржЬрж╛рзЯрзЗржжрж╛ ржЦрж╛ржи рж╕ржмржЪрзЗрзЯрзЗ рж╕рзНржорж╛рж░рзНржЯ ,, ЁЯШК",Positive,0,1,0,0,0,0,0
ржнрж╛ржЗржЬрж╛ржи ржкрзЗржЯ ржЪрзЗржкрзЗ ржзрж░рзЗ ржЖржЫрзЗржи ржХрзЗржи?,Neutral,0,0,0,0,0,0,0
рж▓рж╛ржХрзНрж╕ рж╕рж╛ржмрж╛ржирзЗрж░ ржоржбрзЗрж▓ЁЯдгЁЯдг,Negative,2,3,0,0,0,0,0
"ржУржЦрж╛ржирзЗ ржЦрж╛рж▓ ржмрж┐рж▓, ржиржжрзА, рж╕рж╛ржЧрж░ ржерж╛ржХрждрзЗ рждрзБржЗ ржУржЦрж╛ржирзЗ ржбрзБржмрж╛ржУ ржХрзНржпрж╛",Neutral,0,2,0,0,0,0,0
ржПржЗ ржорзБрж╣рзВрж░рзНрждрзЗ ржбрж┐ржЧржмрж╛ржЬрж┐ ржжрж┐рзЯрзЗ рж╕рж╛ржЧрж░рзЗ ржкрж░рж╛рж░ ржХрзНрж╖ржорждрж╛ ржЖржЫрзЗ ржЖржкржирж╛рж░.....,Neutral,0,0,0,0,0,0,0
ржЬрж╛рзЯрзЗржж ржЦрж╛ржирзЗрж░ ржПржЗ ржЧрзЗржЮрзНржЬрж┐ржЯрж╛рж░ ржжрж╛ржо ржоржирзЗ рж╣рзЯ рзи рж▓ржХрзНрж╖ рж╣ржмрзЗред ржПржЯрж╛рж░ ржХрж╛рж░ржЦрж╛ржирж╛ рж╣рзЯрждрзЛ рж╕рж╛рж░рж╛ржмрж┐рж╢рзНржмрзЗ ржорж╛рждрзНрж░ ржПржХржЯрж╛,Neutral,0,0,0,0,0,0,0
рждрзБржорж┐ рж╕рж╛ржмржзрж╛ржирзЗ ржерзЗржХрзЗ ржнрж╛ржЗ ржПржЗржЦрж╛ржирзЗ рждрзЛржорж╛рж░ ржЕржирзЗржХ рж╕рж░рж┐ржлрж╛ ржЯрж╛ржЗржк ржлрзНржпрж╛ржи ржЖржЫрзЗ,Negative,0,0,0,0,0,0,0
"ржПржХ ржорж╛рждрзНрж░ ржирж╛рзЯржХ ржЬрж╛рзЯрзЗржж ржЦрж╛ржи ржпрж╛рж░ ржХрзЛржи ржнржХрзНржд ржирж╛ржЗ,",Negative,0,0,0,0,0,0,0
ржЖржкржирж╛рж░ рж╕рж╛ржерзЗ ржбрж┐ржЧржмрж╛ржЬрж┐ ржжрж┐рждрзЗ ржжрж┐рждрзЗ ржЖржорж┐ ржХржХрзНрж╕ржмрж╛ржЬрж╛рж░ ржЖрж╕рж┐рждрзЗ ржЪрж╛ржЗ,Neutral,0,0,0,0,0,0,0
"ржмрзНрж░рж╛ ржкрзЬрзЗржи ржПржХржЯрж╛,,,ржирж╛ рж╣рж▓рзЗ ржЖрж░рзЛ ржмрзЗрж╢рж┐ ржЭрзБрж▓рзЗ ржкрж░ржмрзЗЁЯНЕЁЯНЕЁЯНЕЁЯНЕ",Negative,0,0,0,0,0,0,0
"ржорж╛ржХрзНрж╖ржирзЗрж░ ржорждрзЛ ржнрж╛ржЗрж╕рзНржпрж╛ рж░ржЗрж╕рзЗ, ржЯрж┐ржк ржжрж┐рж▓рзЗржЗ ржбрж╛ржЗржмрзНржмрзНржпрж╛ ржпрж╛ржЗржмрзЛЁЯлдЁЯЩД",Negative,0,15,0,0,0,0,0
"ржнрж╛ржЗрзЯрзЗрж░ рждрзЛ ржжрзБржз ржмрзЗрж░ рж╣рзЯрзЗ ржпрж╛ржЪрзНржЫрзЗ, ржХрзЗржЙ ржУржирж╛ржХрзЗ ржПржХржЯрж╛ ржмрзНрж░рж╛ рж╕рзЗржЯ ржжрж╛ржУ ЁЯдб",Negative,0,0,0,0,0,0,0
"ржЖржЬ ржХрзЛржЯрж┐ рждрж░рзБржгрзАрж░ рж╕рзНржмржкрзНржи ржкрзВрж░ржг ржХрж░рзЗ ржжрж┐рж▓ ЁЯР╡ ржнрж╛ржЗржЬрж╛ржи 6000ржкрзНржпрж╛ржХ ржЕржмрж╢рзЗрж╖рзЗ ржжрзЗржЦрж╛ржпрж╝ ржжрж┐рж▓
ЁЯлгЁЯШЙ",Neutral,1,0,0,0,0,0,0
ржЖржорж╛рж░ ржкрж┐рзЯрзЛ рж╕рж┐ржХрзНрж╕ржмрзНржпрж╛ржЧ ржУрзЯрж╛рж▓рж╛ ржирж╛рзЯржХ рждрзБржорж┐,Neutral,2,0,0,0,0,0,0
"рзирзж ржЯрж╛ржХрж╛рж░ ржкрзЗржкрж╕рж┐
ржЬрж╛рзЯрзЗржж ржЖржкрзБ рж╕рзЗржХрж╕рж┐ ЁЯл╢",Negative,2,0,0,0,0,0,0
ржЬрж╛рзЯрзЗржж ржнрж╛ржЗ рж╢рзБржзрзБ ржорзЗржпрж╝рзЗржжрзЗрж░ рж░рж┐ржкрзНрж▓рж╛ржЗ ржжрзЗржпрж╝' ржЕржержЪ ржПржЦржирзЛ ржкрж░рзНржпржирзНржд ржмрж┐ржпрж╝рзЗ ржХрж░рждрзЗ ржкрж╛рж░рзЗ ржирж╛ржЗ! ЁЯЩВЁЯТФ,Neutral,0,0,0,0,0,0,0
ржЬржирж┐ рж╕рж┐ржирзНрж╕'рж░рзЗ ржкрж╛ржарж╛ржирзЛрж░ ржжрж░ржХрж╛рж░ ржорж┐рж╖рзНржЯрж╛рж░ ржЬрж╛рзЯрзЗржиржЦрж╛ржи'ржХрзЗ рж╕рж╛ржорж▓рж╛ржирзЛрж░ ржЬржирзНржп-ЁЯШмЁЯСА,Negative,0,0,0,0,0,0,0
ржХржХрзНрж╕ржмрж╛ржЬрж╛рж░рзЗрж░ рж▓рзЛржХржжрзЗрж░ржХрзЗ ржмрж▓ржЫрж┐ рждрзЛржорж░рж╛ ржмрж╛ржбрж╝рж┐рждрзЗ ржжрж░ржЬрж╛ рж╕рзБржирзНржжрж░ ржХрж░рзЗ рж▓рж╛ржЧрж┐ржпрж╝рзЗ ржжрж┐ржУред ржирж╛ ржЬрж╛ржирж┐ ржХрзЛржи рж╕ржоржпрж╝ ржЬрж╛ржпрж╝рзЗржж ржЦрж╛ржи ржбрж┐ржЧржмрж╛ржЬрж┐ ржжрж┐рзЯрзЗ ржмрж╛ржбрж╝рж┐рж░ ржнрж┐рждрж░рзЗ ржврзБржХрзЗ ржпрж╛ржпрж╝ ЁЯШЕЁЯШВ,Neutral,0,0,0,0,0,0,0
рж╕рзБржЗржорж┐ржВржкрзБрж▓рзЗ рждрзЛржорж╛рж░ ржбрж┐ржЧржмрж╛ржЬрж┐ ржжрзЗржЦрждрзЗ ржЪрж╛ржЗ ржкрзБрж░рж╛ ржХржХрзНрж╕ржмрж╛ржЬрж╛рж░ рждрзЛржорж╛рж░ ржбрж┐ржЧржмрж╛ржЬрж┐рждрзЗ ржорж╛рждрж┐ржпрж╝рзЗ ржжрж┐ржпрж╝рзЗ ржлрзЗрж▓рзЛ ЁЯР╕,Neutral,0,1,0,0,0,0,0
ржЗрждрзЗ ржПрждрзЛ ржмрзЬ ржкрзЗржЯ ржирж┐рзЯрзЗ ржХрзЗржоржирзЗ ржирж╛рзЯржХ рж╣рзЯрж▓рзЛ ЁЯР╕,Neutral,0,0,0,0,0,0,0
"ржЬрж╛рзЯрзЗржж ржХрзНржпрж╛ржи ржХрзЗ ржорж┐рж░ржкрзБрж░ ржЪрж┐рзЬрж┐рзЯрж╛ржЦрж╛ржирж╛рзЯ ржжрзЗржЦрждрзЗ ржЪрж╛ржЗ,тЬКЁЯШС",Negative,0,1,0,0,0,0,0
ржЕржирзЗржХ ржирж╛рж░рзАрж░ рж╕ржкрзНржиржжрзЛрж╖рзЗрж░ ржХрж╛рж░ржг ЁЯШЬ,Negative,0,1,0,0,0,0,0
ржЬрж╛рзЯрзЗржж ржЬрж╛ржи ржПрж░ ржнрзБржБрзЬрж┐ ржкрзНржпрж╛ржХ ЁЯШН,Negative,1,0,0,0,0,0,0
ржкржкрж┐рж░ ржлрж┐рж▓ ржЬрж╛рзЯрзЗржж ржЦрж╛ржирзЗ ржЙржкржнрзЛржЧ ржХрж░рзБржиредЁЯдг,Negative,0,0,0,0,0,0,0
ржнрж╛ржЗ рждрзЛрж░рзЗ ржжрзЗржЦрж▓рзЗржЗ рж╣рж╛рж╕рж┐ ржкрж╛рзЯ ЁЯШД,Negative,2,0,0,0,0,0,0
"ржЬрж╛рзЯрзЗржж ржЖржорж╛рж░ ржХрзНрж░рж╛рж╢,
ржЬрж╛рзЯрзЗржжржХрзЗ ржжрж┐рзЯрзЗ ржЖржорж┐ ржХрж░рж╛ржЗ ржнрзЛ**ржжрж╛ ржмрзНрж░рж╛рж╢ЁЯШНЁЯШШ",Negative,0,0,0,0,0,0,0
ржкрзНрж░ржержорзЗ ржнрж╛ржмржЫрж┐ ржорзВрзЯрзБрж░рзА ржкрж░рзЗ ржжрзЗржЦрж┐ ржПржЗржЯрж╛ ржЖржорж╛ржжрзЗрж░ ржЬрж╛рзЯрзЗржж ржЦрж╛ржиЁЯлг,Negative,0,0,0,0,0,0,0
"ржЦрж╛рждрж╛рзЯ ржЖржЫрзЗ ржорж╛рж░рзНржЬрж┐ржи, ржЬрж╛рзЯрзЗржж ржнрж╛ржЗ ржнрж╛рж░рзНржЬрж┐ржи",Negative,0,0,0,0,0,0,0
ржУржЗржЦрж╛ржирзЗ ржЧрж┐ржпрж╝рж╛ ржбрж┐ржЧржмрж╛ржЬ ржжрж┐рж╕ ржирж╛ ржХржХрзНрж╕ржмрж╛ржЬрж╛рж░рзЗрж░ рж▓рзЛржХржЯрж╛ ржд ржнрж╛рж▓рзЛ ржирж╛ ржкрж┐ржЯрж╛ржЗржпрж╝рж╛ ржврж╛ржХрж╛ ржпрж╛ржЗрждрзЗ ржкрж╛рж░ржмрж┐ рж╕рж╛ржмржзрж╛ржи ржХрж░рзЗ ржжрж┐рж▓рж╛ржоред,Negative,0,0,0,0,0,0,0
ржЖржорж╛рж░ рж╢рж┐рж░рж╛ржпрж╝ рж╢рж┐рж░рж╛ржпрж╝ рж░ржХрзНржд ржЖржорж┐ ржЬрж╛ржпрж╝рзЗржж ржЦрж╛ржирзЗрж░ ржнржХрзНржд ЁЯШБ,Positive,0,1,0,0,0,0,0
ржЬрзЯ ржлрж╛рзЯрзЗржж ржнрж╛ржЗрзЯрзЗрж░ ржЬрзЯред ржерзБржХрзНржХрзБ ржЬрж╛рзЯрзЗржж ржнрж╛ржЗ,Neutral,1,0,0,0,0,0,0
"ржнрж╛ржЗ ржЖржкржирж╛рж░ ржкрж╛ржпрж╝рзЗрж▓ ржЖрж░ ржирж╛ржХржлрзБрж▓ ржХржмрзЗ ржжрзЗржЦржм,,,?",Negative,0,0,0,0,0,0,0
ржнрж╛ржЗ ржжрзЗржЦрж╛ ржХрж░рждрзЗ ржЧрзЗрж▓рзЗ ржХрж┐ рж╕рзЗрж▓ржлрж┐ рждрзБрж▓ржмрзЗржи ржЖржорж╛рж░ рж╕рж╛ржерзЗ рждрзБржорж┐ ржХржерж╛ ржжрзЗржи рждрж╛рж╣рж▓рзЗ ржпрж╛ржм рждрж╛ ржирж╛ рж╣рж▓рзЗ ржерж╛ржХ рж╣рж┐рж░рзЛ ржЖрж▓ржо ржмрж╛рж░ржмрж╛рж░ ржлрзЛржи ржжрж┐ржЪрзНржЫрзЗ ЁЯе▒,Neutral,0,0,0,0,0,0,0
ржмрж╛ржВрж▓рж╛ржжрзЗрж╢рзЗрж░ рж╕рж░рзНржмржХрж╛рж▓рзЗрж░ рж╕рж░рзНржмрж╢рзНрж░рзЗрж╖рзНржа рж╕рзБржкрж╛рж░ржорзНржпрж╛ржи ржУ рж╕рзБржкрж╛рж░ рж╕рзНржЯрж╛рж░ ЁЯе┤,Positive,1,1,0,0,0,0,0
ржирж╛рж░рзА ржжрж┐ржмрж╕ ржПрж░ рж╢рзБржнрзЗржЪрзНржЫрж╛,Positive,3,3,0,2,0,0,0
рж╢ржд ржлрзБрж▓рзЗрж░ ржорж╛ржЭрзЗ ржПржХржЯрж┐ ржЧрзЛрж▓рж╛ржк,Positive,8,6,1,0,0,0,0
ржЧрзБрж░рзБржЬрж┐ ржЖржкржирж┐ржУ ржХрж┐ ржврж╛ржХрж╛ ржнрж╛рж░рзНрж╕рж┐ржЯрж┐рждрзЗ ржЕржзрзНржпрж╛ржпрж╝ржирж░ржд ржЫрж┐рж▓рзЗржи ржХрзЛржи ржПржХ рж╕ржоржпрж╝,Neutral,4,3,0,0,0,0,0
рж╣рж╛ржЬрж╛рж░рзЛ ржлрзБрж▓рзЗрж░ ржорж╛ржЭрзЗ ржЬрж╛рзЯрзЗржжрж╛ ржЖржлрж╛ ржПржХржЯрж┐ ржЧрзЛрж▓рж╛ржк,Negative,1,1,0,0,0,0,0
рж╢ржд рж╢ржд ржкрж╛ржерж░рзЗрж░ ржорж╛ржЭрзЗ ржЖржкржирж┐ ржПржХржмрж╕рзНрждрж╛ рж╕рж┐ржорзЗржирзНржЯ ржнрж╛ржЗ,Negative,0,0,0,0,0,0,0
"ржПржЗ ржЫржмрж┐рждрзЗ ржпрзЗ ржкрзНрж░ржержо ржжрзЗржЦрж╛рждрзЗржЗ ржЬрж╛рзЯрзЗржж ржЦрж╛ржи ржХрзЗ ржЦрзБржЬрзЗ ржкрзЗрзЯрзЗржЫрзЗ рж╕рзЗ ржЬрж╛рзЯрзЗржж ржЦрж╛ржирзЗрж░ рж╕рждрзНржпрж┐ржХрж╛рж░рзЗрж░ ржнржХрзНрждред 

ЁЯШЬЁЯШЬЁЯШЬЁЯШЬ",Neutral,0,0,0,0,0,0,0
ржЬрж╛рзЯрзЗржж ржЦрж╛ржи рждрзБржорж┐ ржЕрждрзБрж▓ржирзАрзЯ,Positive,1,0,0,0,0,0,0
"рж╕ржмрж╛рж░ ржмрж╛ржЪрзНржЪрж╛ ржЖржкржирж┐ ржпрзЗ ржорзЗржпрж╝рзЗржжрзЗрж░ рж▓рж╛ржЗржи ржорж╛рж░рзЗржи рждрж╛ржжрзЗрж░ рж╕ржорж╛ржи , ржЖрж░ ржЖржкржирж┐ ржЖржиржорзНржпрж╛рж░рж┐ржб",Negative,0,1,0,0,0,0,0
рж╕рзБржирж╛рж░ ржЪрж░ ржорзБржнрж┐рждрзЗ ржЬрж╛рж╣рж┐ржж ржЦрж╛ржи рждрж╛рж░ рж╕рж╛ржерзЗ рзирзлржЬржи ржорзЗрзЯрзЗ ржирж┐рзЯрзЗ рж╕рж┐ржирзЗржорж╛ рж╣рж▓рзЗ ржмрж╕рзЗ ржорзБржнрж┐ржЯрж╛ ржЙржкржнрзЛржЧ ржХрж░ржмрзЗ ржмрж▓рзЗ ржЬрж╛ржирж╛ ржЧрзЗржЫрзЗЁЯШЗ,Neutral,0,1,0,0,0,0,0
ржврж╛ржХрж╛ ржмрж┐рж╢рзНржмржмрж┐ржжрзНржпрж╛рж▓рзЯрзЗрж░ ржЗрждрж┐рж╣рж╛рж╕рзЗрж░ рж╢рзНрж░рзЗрж╖рзНржа рж╢рж┐ржХрзНрж╖рж╛рж░рзНржерзА ЁЯШД,Positive,0,5,0,0,0,0,0
ржЖржорзНржирзЗрж░рзЗ ржЖржорж┐ ржкрж╛рзЯ рзй ржШржирждрж╛ ржжрж░рзЗ ржХрзБржЬрж▓рж╛ржо ржмрж╛ржЯ ржкрж╛ржЗрж▓рж╛ржо ржирж╛!ЁЯШТЁЯШТ,Neutral,0,2,0,0,0,0,0
"ржЖрж▓рзНрж▓рж╛рж╣ ржЖржкржирж╛рж░ ржоржЩрзНржЧрж▓ ржХрж░рзБржХ рж╕ржмрж╕ржорзЯ ржПржЗ ржХрж╛ржоржирж╛рзЯ ржХрж░рж┐, ржЖржорж┐ржиред",Positive,1,0,0,0,0,0,0
"рждрзБржорж┐ ржХржЗ ржЬрж╛рж╣рж┐ржж?
ржП ржкрзЛрж╕рзНржЯрзЗ ржкрзНрж░ржорж╛ржг ржХрж░рж▓рж╛ рждрзБржорж┐ ржврж╛ржХрж╛ ржмрж┐рж╢рзНржмржмрж┐ржжрзНржпрж╛рж▓рзЯрзЗ ржкрзЬрж╛рж╢рзЛржирж╛ ржХрж░рзЗржЫрзЛ!",Neutral,0,0,0,0,0,0,0
"рж╣рж┐рж░рзЛ ржЖрж▓ржо ржУ ржмрзБржЭрж┐ рждрзЛржорж╛рж░ рж╕рж╛ржерзЗ ржкрзЬржЫрзЗ ржнрж╛ржЗред 
ржмрж╛рж╣ рждрж╛ ржЖржЧрзЗ ржмрж▓рзЗржиржирж┐ ржХрзЗржи",Neutral,0,0,0,0,0,0,0
рж╣рж╛ржЬрж╛рж░рзЛ ржнрж╛рж▓рзЛрж░ ржмрж┐рждрж╛рж░рзЗ ржПржХржЯрж╛ рж▓рзБржЪрзНржЪрж╛ ЁЯШБЁЯдн,Negative,0,0,0,0,0,0,0
рж╢ржд ржЧрзЛрж▓рж╛ржкрзЗрж░ ржоржзрзНржпрзЗ ржПржХржЯрж╛ ржХрж╛ржЯрж╛ЁЯЩД,Negative,0,0,0,0,0,0,0
ржпрзМржмржи ржзрж░рзЗ рж░рзЗржЦрзЗржЫрзЗ рж╢рзБржзрзБржорж╛рждрзНрж░ ржЬрж╛рзЯрзЗржж ржнрж╛ржЗ,Positive,0,0,0,0,0,0,0
ржмржирзНржзрзБ ржЖржЬ рждрзЛржорж╛ржХрзЗ ржЕржирзБрж╖рзНржарж╛ржирзЗ ржкрзЗрзЯрзЗ ржЖржорж░рж╛ржУ ржнрзАрж╖ржг ржЦрзБрж╢рж┐ рж╣рзЯрзЗржЫрж┐ред ржЕржирзЗржХ ржзржирзНржпржмрж╛ржж ржПржмржВ ржХрзГрждржЬрзНржЮрждрж╛ред ржнрж╛рж▓рзЛ ржерзЗржХрзЛред,Positive,0,0,0,0,0,0,0
ржмрж╛ржВрж▓рж╛ржжрзЗрж╢рзЗрж░ ржПржХржорж╛рждрзНрж░ ржЙржкрж╛ржжрзА ржЬрзАржмржирзНржд ржХрж┐ржВЁЯТкЁЯТкЁЯТкЁЯТк,Positive,0,0,0,0,0,0,0
ржХрзЗржЙ ржжрзЯрж╛ ржХрж░рзЗ ржЬрж╛рж╣рзЗржж ржнрж╛ржЗрзЯрзЗрж░ ржкрзЛрж╖рзНржЯрзЗ рж╣рж╛рж╣рж╛ рж░рж┐рзЯрзЗржХрзНржЯ ржжрж┐ржУ ржирж╛ ржкрзНрж▓рж┐ржЬ,Positive,0,0,0,0,0,0,0
ржЬрж╛рзЯрзЗржж ржЦрж╛ржи'ржжрзЗрж░ржУ ржврж╛ржХрж╛ ржмрж┐рж╢рзНржмржмрж┐ржжрзНржпрж╛рж▓рзЯрзЗрж░ ржкрзНрж░рждрж┐рж╖рзНржарж╛ржи ржкрзНрж░ржбрж┐ржЙрж╕ ржХрж░рзЗ ржПржЗржЯрж╛ ржЬрж╛ржирж╛рж░ ржкрж░ ржерзЗржХрзЗ ржврж╛ржХрж╛ ржмрж┐рж╢рзНржмржмрж┐ржжрзНржпрж╛рж▓рзЯрзЗрж░ ржЙржкрж░ ржерзЗржХрзЗ ржмрж┐рж╢рзНржмрж╛рж╕ ржЙржарзЗ ржЧрзЗржЫрзЗ!,Negative,0,0,0,0,0,0,0
"ржврж╛ржХрж╛ ржмрж┐рж╢рзНржмржмрж┐ржжрзНржпрж╛рж▓рзЯрзЗрж░ ржЗрждрж┐рж╣рж╛рж╕рзЗрж░ рж╢рзНрж░рзЗрж╖рзНржа рж╢рж┐ржХрзНрж╖рж╛рж░рзНржерзА ЁЯШД 
ржХрзНржпрж╛ржорзНржкрж╛рж╕ ржЖржЬ ржзржирзНржп рж╣рж▓рзЛЁЯШЫ",Positive,0,0,0,0,0,0,0
"рж▓ржХрзНрж╖-ржХрзЛржЯрж┐ рждрж╛рж░рж╛рж░ ржорж╛ржЭрзЗ, ржПржХржЯрж╛ ржЪрж╛ржБржж ЁЯШ╝ЁЯЦд",Positive,0,0,0,0,0,0,0
ржмрж╛ржВрж▓рж╛ржжрзЗрж╢рзЗрж░ ржирж╛ржорзНржмрж╛рж░ ржУржпрж╝рж╛ржи рж▓рзБржЪрзНржЫрж╛ ржорж┐рж╕рзНржЯрж╛рж░ ржЬрж╛ржпрж╝рзЗржЩрзНржЧ ржЦрж╛ржиред,Negative,0,0,0,0,0,0,0
ржЖрж▓рзЛржЪрж┐ржд ржорж╛ржирзЗ! ржкрзБрж░рзЛ ржлрж╛ржЯрж┐рзЯрзЗ ржжрж┐ржмрзЗред ржЪрж┐рзЬрзЗ ржмрзЗрж░ рж╣рзЯрзЗ ржпрж╛ржмрзЗ,Positive,1,0,0,0,0,0,0
"Zayed Khan рж╕рзЛржирж╛рж░ ржЪрж░ ржжрзЗржЦрж╛рж░ ржЕржкрзЗржХрзНрж╖рж╛рзЯ ржЖржЫрж┐ред 
рж╣рж▓рзЗ ржЧрж┐рзЯрзЗ ржжрзЗржЦржм!",Positive,1,0,0,0,0,0,0
ржЖржЪрзНржЫрж╛ ржЬрж╛рзЯрзЗржж ржЦрж╛ржиржХрзЗ ржирж┐рзЯрзЗ рж╕ржмрж╛ржЗ ржЯрзНрж░рж▓ ржХрж░рзЗ ржХрзЗржи,Negative,0,0,0,0,0,0,0
"ржЕржирзЗржХржжрж┐ржи ржкрж░ ржнрж╛ржЗрзЯрзЗрж░ ржЫржмрж┐ ржорзБржХрзНрждрж┐ ржкрж╛ржЪрзНржЫрзЗ,
ржкрзБрж░рж╛ ржлрзНржпрж╛ржорж┐рж▓рж┐ & ржмржирзНржзрзБ-ржмрж╛ржирзНржзржм ржирж┐рзЯрзЗ рж╕рзНржЯрж╛рж░ рж╕рж┐ржирзЗржкрзНрж▓рзЗржХрзНрж╕рзЗ ржЫржмрж┐ржЯрж┐ ржЙржкржнрзЛржЧ ржХрж░ржмрзЛред",Positive,1,0,0,0,0,0,0
ржПржЧрж┐рзЯрзЗ ржпрж╛ржи ржПржХржЬржи рж╕рж╛ржжрж╛ ржоржирзЗрж░ ржорж╛ржирзБрж╖,Positive,1,1,0,0,0,0,0
ржЬрж╛рж╣рзЗржж ржнрж╛ржЗ ржЖржорж┐ ржЖржкржирж╛рж░ ржПржХржорж╛рждрзНрж░ ржнржХрзНржд ржЖржорж╛ржХрзЗ ржнрзБрж▓рзЗ ржпрж╛ржЗрзЯрзЗржи ржирж╛,Positive,0,0,0,0,0,0,0
ржЖрж▓рзЛржЪржирж╛ржпрж╝ ржерж╛ржХржмрзЗ рж╕ржарж┐ржХ ржХрж┐ржирзНрждрзБ рж╕рж┐рж░рж┐ржпрж╝рж╛рж╕ ржорзЛржбрзЗ ржерж╛ржХржмрзЗ ржирж╛ ржлрж╛ржирж┐ ржорзЛржбрзЗ ржерж╛ржХржмрзЗ рж╕рзЗржЯрж╛ржЗ рж╣рж▓рзЛ ржЖрж╕рж▓ ржмрж┐рж╖ржпрж╝,Neutral,0,0,0,0,0,0,0
"рж╕рж░ржХрж╛рж░рзЗрж░ ржХрж╛ржЫрзЗ рж╣рж╛ржд ржЬрзЛрзЬ ржХрж░рзЗ ржЕржирзБрж░рзЛржз ржХрж░ржЫрж┐, ржХржорзЗржирзНржЯ ржкрзЬрж╛ рж▓рзЛржХрзЗрж░ ржмрзЗрждржирзЗрж░ ржмрзНржпржмрж╕рзНржерж╛ ржХрж░рзБржи! тЬМя╕ПтЬМя╕П",Neutral,0,0,0,0,0,0,0
ржЯржк ржлрзНржпрж╛ржи рж╣рзЯрзЗ ржЧрзЗржЫрзЗ ржХрж┐ржирзНрждрзБ ржЬрж╛рзЯрзЗржж ржнрж╛ржЗ ЁЯе░,Positive,0,0,0,0,0,0,0
ржорзБржнрж┐рж░ ржЯрзНрж░рзЗрж▓рж╛рж░рзЗ ржХрж╛ржжрж╛рж░ ржоржзрзНржпрзЗ ржпрзЗ ржЧрзЬрж╛ржЧрзЬрж┐ ржжрзЗржЦрж▓рж╛ржоредржПржЗ ржЖржзрзБржирж┐ржХ ржпрзБржЧрзЗ ржХрж┐ ржПрж╕ржм ржХрж╛ржжрж╛рзЯ ржЧрзЬрж╛ржЧрзЬрж┐ ржЪрж▓рзЗ?,Neutral,0,0,0,0,0,0,0
ржП ржорзБржнрж┐ рж╣рж▓рзЗ ржЧрж┐рзЯрзЗ ржжрзЗржЦрждрзЗ рж╣ржмрзЗ ЁЯТк,Positive,0,0,0,0,0,0,0
ржорзБржХрзНрждрж┐рж░ рждрзГрждрзАрзЯ ржжрж┐ржи ржерзЗржХрзЗ рж╕рж┐ржирзЗржорж╛ рж╣рж▓ ржерзЗржХрзЗ Wash out рж╣ржмрзЗ ржПржмржВ рзпрзж% invest loss рж╣ржмрзЗ ржХрж╛рж░ржи ржнрзЛржжрж╛ржЗ ржорж╛рж░рзНржХрж╛ рж▓рж╛рзЯржХред shame on jayed( ржЕржирзЗржХрзЗржЗ ржмрж▓рзЗ рж╢рзБржирж▓рж╛ржо рж╣рж┐ржЬрзЬрж╛ ржЬрж╛рзЯрзЗржж),Negative,0,0,0,0,0,0,0
"ржХрзЗржЙ ржжрзЗржЦржмрзЗржи ржирж╛!ржлрж╛рж▓рждрзБ ржирж╛рзЯржХрзЗрж░ ржлрж╛рж▓рждрзБ ржЫржмрж┐ 
ржкрж░рж┐ржЪрж╛рж▓ржХ рж╢рзЗрж╖ рж╕ржм ржЯрж╛ржХрж╛ ржЬрж▓рзЗ ржпрж╛ржмрзЗ",Negative,0,0,0,0,0,0,0
ржмрж╛рж▓рзЗрж░ ржЪрж░ рж░рж╛ржЬржХрзБржорж╛рж░ ржЫрж╛ржбрж╝рж╛ ржХрзЛржи ржХржерж╛ рж╣ржмрзЗ ржирж╛,Negative,0,0,0,0,0,0,0